연번,발생일자,사고유형,발생역,발생시간,비고
1,2024-12-24,출입문관련,잠실새내역,13:40:00,
2,2024-12-21,출입문관련,고속터미널(3)역,11:26:00,
3,2024-12-18,출입문관련,장지역,06:26:00,
4,2024-12-18,출입문관련,동대문역사문화공원(4)역,15:29:00,
5,2024-12-16,출입문관련,강동역,18:46:00,
6,2024-12-14,역구내 사고,철산역,20:51:00,
7,2024-12-13,역구내 사고,잠원역,22:05:00,
8,2024-12-12,열차내 사고,자양역,08:25:00,
9,2024-12-11,발빠짐,합정(6)역,08:46:00,
10,2024-12-08,출입문관련,청담역,11:08:00,
11,2024-12-07,승강설비관련,시청(2)역,20:16:00,
12,2024-12-06,역구내 사고,월곡역,14:10:00,
13,2024-12-05,출입문관련,답십리역,11:18:00,
14,2024-12-04,출입문관련,동대문(4)역,11:28:00,
15,2024-12-03,출입문관련,고속터미널(3)역,15:10:00,
16,2024-12-02,열차내 사고,을지로입구역,11:14:00,
17,2024-12-01,발빠짐,발산역,22:23:00,
18,2024-11-29,승강설비관련,삼성역,09:33:00,
19,2024-11-29,승강설비관련,노원(4)역,11:31:00,
20,2024-11-28,출입문관련,불광(3)역,13:03:00,
21,2024-11-28,역구내 사고,한성대입구역,11:43:00,
22,2024-11-27,승강설비관련,몽촌토성역,08:16:00,
23,2024-11-25,발빠짐,고속터미널(7)역,12:59:00,
24,2024-11-23,출입문관련,송파역,10:13:00,
25,2024-11-23,발빠짐,철산역,09:09:00,
26,2024-11-22,발빠짐,철산역,09:27:00,
27,2024-11-21,열차내 사고,마곡역,14:32:00,
28,2024-11-20,발빠짐,합정(6)역,08:06:00,
29,2024-11-19,역구내 사고,동대문(4)역,12:30:00,
30,2024-11-17,출입문관련,중앙역,15:57:00,
31,2024-11-16,출입문관련,미아역,11:38:00,
32,2024-11-15,열차내 사고,구로디지털단지역,17:50:00,
33,2024-11-15,열차내 사고,구로디지털단지역,17:50:00,
34,2024-11-14,출입문관련,천호(5)역,08:38:00,
35,2024-11-12,출입문관련,미아사거리역,21:29:00,
36,2024-11-12,출입문관련,길동역,18:50:00,
37,2024-11-12,열차내 사고,삼성역,09:10:00,
38,2024-11-09,승강설비관련,고속터미널(3)역,18:07:00,
39,2024-11-08,출입문관련,서울대입구역,08:26:00,
40,2024-11-08,열차내 사고,까치산(5)역,20:52:00,
41,2024-11-05,승강설비관련,까치산(5)역,14:56:00,
42,2024-11-04,역구내 사고,문래역,13:35:00,
43,2024-11-03,역구내 사고,오금(5)역,12:06:00,
44,2024-11-02,발빠짐,수서역,11:31:00,
45,2024-11-01,역구내 사고,이대역,07:36:00,
46,2024-10-31,출입문관련,사당(4)역,16:57:00,
47,2024-10-31,열차내 사고,장암역,08:38:00,
48,2024-10-30,출입문관련,잠실(2)역,17:48:00,
49,2024-10-29,승강설비관련,수서역,12:43:00,
50,2024-10-25,출입문관련,교대(2)역,09:50:00,
51,2024-10-24,출입문관련,미아역,16:43:00,
52,2024-10-23,역구내 사고,굽은다리역,13:24:00,
53,2024-10-23,열차내 사고,일원역,10:10:00,
54,2024-10-22,열차내 사고,도봉산(7)역,06:13:00,
55,2024-10-22,발빠짐,무악재역,08:46:00,
56,2024-10-21,출입문관련,강변역,12:28:00,
57,2024-10-21,승강설비관련,약수(6)역,15:20:00,
58,2024-10-20,열차내 사고,사당(4)역,10:58:00,
59,2024-10-19,역구내 사고,청량리역,18:20:00,
60,2024-10-19,열차내 사고,장자호수공원역,10:35:00,
61,2024-10-19,승강설비관련,남성역,17:42:00,
62,2024-10-18,출입문관련,군자(5)역,07:46:00,
63,2024-10-18,출입문관련,구파발(3)역,16:27:00,
64,2024-10-18,출입문관련,동대문역사문화공원(5)역,18:37:00,
65,2024-10-18,열차내 사고,오목교역,18:47:00,
66,2024-10-18,열차내 사고,석촌역,16:47:00,
67,2024-10-17,발빠짐,사가정역,08:22:00,
68,2024-10-16,출입문관련,을지로입구역,12:35:00,
69,2024-10-15,출입문관련,홍대입구역,08:37:00,
70,2024-10-15,출입문관련,천호(5)역,12:08:00,
71,2024-10-15,발빠짐,발산역,16:17:00,
72,2024-10-15,발빠짐,시청(2)역,18:59:00,
73,2024-10-14,출입문관련,혜화역,16:56:00,
74,2024-10-14,역구내 사고,잠원역,07:26:00,
75,2024-10-14,발빠짐,면목역,07:52:00,
76,2024-10-12,출입문관련,숙대입구역,10:05:00,
77,2024-10-12,발빠짐,여의나루역,22:00:00,
78,2024-10-11,열차내 사고,불광(3)역,13:02:00,
79,2024-10-11,열차내 사고,역삼역,12:18:00,
80,2024-10-11,출입문관련,답십리역,15:25:00,
81,2024-10-11,출입문관련,종로3가(5)역,15:25:00,
82,2024-10-10,출입문관련,신대방역,12:53:00,
83,2024-10-10,발빠짐,연신내(6)역,16:46:00,
84,2024-10-09,출입문관련,천호(5)역,09:56:00,
85,2024-10-08,출입문관련,하남시청역,17:04:00,
86,2024-10-08,승강설비관련,잠실나루역,11:32:00,
87,2024-10-05,발빠짐,성신여대입구역,18:04:00,
88,2024-10-04,역구내 사고,고속터미널(3)역,16:27:00,
89,2024-10-04,역구내 사고,충무로(4)역,15:09:00,
90,2024-10-02,출입문관련,신정네거리역,09:08:00,
91,2024-10-02,출입문관련,가산디지털단지(7)역,18:31:00,
92,2024-10-01,발빠짐,성신여대입구역,15:50:00,
93,2024-09-30,출입문관련,미아역,16:53:00,
94,2024-09-29,열차내 사고,오금(3)역,12:47:00,
95,2024-09-29,출입문관련,종로3가(3)역,13:59:00,
96,2024-09-28,출입문관련,사당(2)역,17:55:00,
97,2024-09-27,승강설비관련,경찰병원역,11:51:00,
98,2024-09-26,출입문관련,수서역,18:17:00,
99,2024-09-26,열차내 사고,경복궁역,22:36:00,
100,2024-09-24,열차내 사고,마곡역,13:26:00,
101,2024-09-23,역구내 사고,안국역,15:00:00,
102,2024-09-23,출입문관련,목동역,16:54:00,
103,2024-09-23,열차내 사고,동대문역사문화공원(2)역,08:20:00,
104,2024-09-22,역구내 사고,강남역,18:14:00,
105,2024-09-21,출입문관련,충무로(4)역,18:27:00,
106,2024-09-17,역구내 사고,신설동(2)역,13:33:00,
107,2024-09-14,기타,토목사업소,14:00:00,
108,2024-09-14,출입문관련,장암역,19:48:00,
109,2024-09-13,발빠짐,화곡역,17:37:00,
110,2024-09-13,열차내 사고,학여울역,17:33:00,
111,2024-09-13,열차내 사고,시청(1)역,18:30:00,
112,2024-09-12,출입문관련,종로3가(1)역,17:09:00,
113,2024-09-12,역구내 사고,연신내(3)역,09:45:00,
114,2024-09-11,발빠짐,동대문역사문화공원(5)역,23:10:00,
115,2024-09-11,출입문관련,이수(4)역,17:34:00,
116,2024-09-11,출입문관련,철산역,08:36:00,
117,2024-09-11,발빠짐,신촌역,17:03:00,
118,2024-09-10,역구내 사고,상봉역,08:10:00,
119,2024-09-10,열차내 사고,상봉역,08:30:00,
120,2024-09-10,승강설비관련,신림역,15:31:00,
121,2024-09-07,출입문관련,오목교역,17:49:00,
122,2024-09-07,출입문관련,오목교역,17:49:00,
123,2024-09-07,출입문관련,오목교역,17:49:00,
124,2024-09-07,열차내 사고,합정(2)역,13:43:00,
125,2024-09-07,발빠짐,신촌역,23:18:00,
126,2024-09-05,열차내 사고,봉천역,09:24:00,
127,2024-09-05,열차내 사고,모란역,14:49:00,
128,2024-09-04,열차내 사고,제기동역,10:32:00,
129,2024-09-04,출입문관련,건대입구(7)역,10:32:00,
130,2024-09-03,역구내 사고,건대입구(7)역,06:02:00,
131,2024-08-30,출입문관련,홍대입구역,16:30:00,
132,2024-08-30,출입문관련,혜화역,06:19:00,
133,2024-08-29,출입문관련,교대(2)역,14:42:00,
134,2024-08-28,출입문관련,왕십리(2)역,16:03:00,
135,2024-08-28,출입문관련,중계역,17:50:00,
136,2024-08-28,출입문관련,중곡역,17:31:00,
137,2024-08-28,발빠짐,합정(6)역,08:28:00,
138,2024-08-28,열차내 사고,매봉역,07:44:00,
139,2024-08-27,열차내 사고,마포구청역,09:28:00,
140,2024-08-27,출입문관련,남부터미널역,14:44:00,
141,2024-08-27,승강설비관련,강남구청역,18:19:00,
142,2024-08-26,승강설비관련,안국역,09:57:00,
143,2024-08-26,출입문관련,남구로역,15:21:00,
144,2024-08-26,출입문관련,서울(1)역,14:50:00,
145,2024-08-24,발빠짐,신촌역,20:17:00,
146,2024-08-23,발빠짐,고속터미널(7)역,15:01:00,
147,2024-08-23,역구내 사고,천호(5)역,18:28:00,
148,2024-08-22,열차내 사고,왕십리(2)역,14:00:00,
149,2024-08-22,승강설비관련,고속터미널(7)역,16:17:00,
150,2024-08-21,기타,천호(5)역,10:05:00,
151,2024-08-21,역구내 사고,목동역,14:46:00,
152,2024-08-21,출입문관련,발산역,13:36:00,
153,2024-08-21,역구내 사고,녹번역,08:40:00,
154,2024-08-21,승강설비관련,청담역,06:25:00,
155,2024-08-20,출입문관련,잠실새내역,18:46:00,
156,2024-08-20,출입문관련,교대(3)역,18:32:00,
157,2024-08-20,출입문관련,약수(3)역,12:25:00,
158,2024-08-20,열차내 사고,굽은다리역,22:27:00,
159,2024-08-20,열차내 사고,잠실(2)역,18:32:00,
160,2024-08-19,역구내 사고,시청(2)역,18:02:00,
161,2024-08-19,출입문관련,중동역,12:25:00,
162,2024-08-19,출입문관련,대방역,15:34:00,
163,2024-08-19,발빠짐,경복궁역,07:57:00,
164,2024-08-18,출입문관련,구로디지털단지역,10:08:00,
165,2024-08-18,발빠짐,동대문역사문화공원(4)역,17:12:00,
166,2024-08-16,출입문관련,발산역,08:02:00,
167,2024-08-16,출입문관련,하남시청역,18:55:00,
168,2024-08-16,열차내 사고,고속터미널(3)역,08:50:00,
169,2024-08-15,출입문관련,교대(3)역,19:58:00,
170,2024-08-14,출입문관련,명일역,15:24:00,
171,2024-08-13,출입문관련,약수(3)역,09:29:00,
172,2024-08-13,출입문관련,이수(7)역,15:32:00,
173,2024-08-13,출입문관련,신당(2)역,08:30:00,
174,2024-08-12,열차내 사고,여의나루역,18:37:00,
175,2024-08-10,출입문관련,광화문역,15:12:00,
176,2024-08-10,출입문관련,창동역,09:25:00,
177,2024-08-09,출입문관련,올림픽공원역,13:37:00,
178,2024-08-09,열차내 사고,종로3가(3)역,08:39:00,
179,2024-08-09,승강설비관련,성수역,18:15:00,
180,2024-08-09,승강설비관련,충정로(2)역,08:46:00,
181,2024-08-09,승강설비관련,건대입구(7)역,16:26:00,
182,2024-08-03,출입문관련,천호(5)역,11:35:00,
183,2024-08-02,출입문관련,봉화산역,09:36:00,
184,2024-08-01,발빠짐,종합운동장역,17:16:00,
185,2024-08-01,발빠짐,경찰병원역,15:04:00,
186,2024-07-31,출입문관련,이수(4)역,15:54:00,
187,2024-07-31,출입문관련,노원(4)역,18:56:00,
188,2024-07-31,출입문관련,길동역,20:49:00,
189,2024-07-29,발빠짐,을지로4가(2)역,08:12:00,
190,2024-07-29,출입문관련,종로5가역,14:33:00,
191,2024-07-28,발빠짐,동대문(4)역,10:34:00,
192,2024-07-27,승강설비관련,사가정역,16:18:00,
193,2024-07-27,출입문관련,을지로4가(2)역,15:37:00,
194,2024-07-26,역구내 사고,청담역,16:56:00,
195,2024-07-26,역구내 사고,온수(7)역,16:56:00,
196,2024-07-26,출입문관련,상일동역,12:01:00,
197,2024-07-25,열차내 사고,안국역,12:14:00,
198,2024-07-25,출입문관련,구파발(3)역,15:10:00,
199,2024-07-25,출입문관련,쌍문역,19:33:00,
200,2024-07-25,출입문관련,군자(5)역,14:43:00,
201,2024-07-25,역구내 사고,건대입구(2)역,07:55:00,
202,2024-07-23,출입문관련,신길역,17:48:00,
203,2024-07-22,역구내 사고,온수(7)역,12:44:00,
204,2024-07-22,열차내 사고,동인천역,14:15:00,
205,2024-07-22,출입문관련,코레일,19:04:00,
206,2024-07-22,출입문관련,신도림(2)역,07:33:00,
207,2024-07-22,출입문관련,강동역,08:09:00,
208,2024-07-22,승강설비관련,하계역,15:19:00,
209,2024-07-22,발빠짐,고속터미널(7)역,21:20:00,
210,2024-07-21,출입문관련,방화역,19:50:00,
211,2024-07-21,출입문관련,잠실(2)역,19:17:00,
212,2024-07-21,출입문관련,청량리역,14:29:00,
213,2024-07-21,승강설비관련,서울(4)역,10:46:00,
214,2024-07-20,역구내 사고,건대입구(2)역,14:46:00,
215,2024-07-20,열차내 사고,상계역,17:44:00,
216,2024-07-20,역구내 사고,녹번역,14:20:00,
217,2024-07-19,열차내 사고,문정역,11:55:00,
218,2024-07-19,발빠짐,충정로(5)역,13:35:00,
219,2024-07-19,열차내 사고,대흥역,07:41:00,
220,2024-07-19,열차내 사고,교대(3)역,14:39:00,
221,2024-07-19,역구내 사고,신대방삼거리역,16:00:00,
222,2024-07-19,출입문관련,군자(5)역,20:04:00,
223,2024-07-19,출입문관련,연신내(3)역,19:02:00,
224,2024-07-19,출입문관련,애오개역,18:56:00,
225,2024-07-19,출입문관련,교대(3)역,22:13:00,
226,2024-07-19,역구내 사고,내방역,14:11:00,
227,2024-07-18,승강설비관련,양재역,15:00:00,
228,2024-07-18,출입문관련,사당(2)역,14:40:00,
229,2024-07-18,역구내 사고,아차산역,08:57:00,
230,2024-07-17,역구내 사고,길동역,08:20:00,
231,2024-07-17,열차내 사고,남성역,12:41:00,
232,2024-07-17,역구내 사고,길동역,08:20:00,
233,2024-07-17,출입문관련,이수(4)역,12:20:00,
234,2024-07-16,열차내 사고,천호(8)역,18:26:00,
235,2024-07-16,출입문관련,방화역,08:06:00,
236,2024-07-16,출입문관련,미아사거리역,12:19:00,
237,2024-07-16,발빠짐,고속터미널(3)역,18:30:00,
238,2024-07-15,승강설비관련,천왕역,13:30:00,
239,2024-07-15,역구내 사고,역삼역,15:58:00,
240,2024-07-15,출입문관련,철산역,12:16:00,
241,2024-07-13,출입문관련,봉화산역,10:11:00,
242,2024-07-11,역구내 사고,상일동역,09:24:00,
243,2024-07-11,출입문관련,사가정역,16:44:00,
244,2024-07-10,출입문관련,혜화역,18:36:00,
245,2024-07-10,출입문관련,삼각지(4)역,09:11:00,
246,2024-07-09,승강설비관련,숭실대입구역,14:06:00,
247,2024-07-09,출입문관련,남한산성입구역,16:05:00,
248,2024-07-09,열차내 사고,상일동역,08:45:00,
249,2024-07-08,승강설비관련,사가정역,15:31:00,
250,2024-07-08,승강설비관련,청담역,16:33:00,
251,2024-07-08,역구내 사고,동대문역사문화공원(4)역,11:19:00,
252,2024-07-08,승강설비관련,선릉역,18:50:00,
253,2024-07-08,출입문관련,상봉역,21:08:00,
254,2024-07-06,역구내 사고,낙성대역,01:00:00,
255,2024-07-06,출입문관련,거여역,13:43:00,
256,2024-07-06,출입문관련,강남역,11:09:00,
257,2024-07-05,역구내 사고,철산역,22:56:00,
258,2024-07-05,역구내 사고,합정(6)역,07:14:00,
259,2024-07-05,열차내 사고,양재역,09:24:00,
260,2024-07-05,역구내 사고,역삼역,05:28:00,
261,2024-07-05,출입문관련,천왕역,12:45:00,
262,2024-07-05,발빠짐,고속터미널(7)역,19:52:00,
263,2024-07-04,출입문관련,몽촌토성역,15:40:00,
264,2024-07-04,출입문관련,대림(7)역,11:08:00,
265,2024-07-03,열차내 사고,강남구청역,18:45:00,
266,2024-07-02,발빠짐,회현역,19:39:00,
267,2024-07-02,출입문관련,동대문역사문화공원(2)역,13:45:00,
268,2024-07-02,출입문관련,애오개역,17:55:00,
269,2024-07-01,출입문관련,혜화역,15:09:00,
270,2024-07-01,출입문관련,잠실(2)역,18:17:00,
271,2024-07-01,출입문관련,화정역,15:39:00,
272,2024-07-01,역구내 사고,청량리역,17:46:00,
273,2024-06-30,기타,토목,21:10:00,
274,2024-06-30,역구내 사고,압구정역,07:55:00,
275,2024-06-29,열차내 사고,강변역,23:07:00,
276,2024-06-29,출입문관련,선릉역,15:14:00,
277,2024-06-29,발빠짐,김포공항역,23:48:00,
278,2024-06-28,출입문관련,서울(4)역,13:19:00,
279,2024-06-28,출입문관련,서울(4)역,13:19:00,
280,2024-06-27,출입문관련,코레일,17:36:00,
281,2024-06-27,출입문관련,먹골역,09:44:00,
282,2024-06-26,역구내 사고,봉천역,23:15:00,
283,2024-06-26,출입문관련,보라매역,08:00:00,
284,2024-06-26,출입문관련,광명사거리역,08:00:00,
285,2024-06-26,출입문관련,교대(3)역,21:34:00,
286,2024-06-26,열차내 사고,보라매역,16:14:00,
287,2024-06-26,발빠짐,동대문역사문화공원(4)역,15:48:00,
288,2024-06-25,열차내 사고,하남검단산역,19:34:00,
289,2024-06-25,열차내 사고,목동역,18:11:00,
290,2024-06-25,열차내 사고,목동역,00:00:00,
291,2024-06-25,출입문관련,노원(4)역,18:30:00,
292,2024-06-25,기타,기타,18:55:00,
293,2024-06-25,승강설비관련,옥수역,16:37:00,
294,2024-06-24,출입문관련,이수(4)역,08:44:00,
295,2024-06-24,출입문관련,남구로역,08:29:00,
296,2024-06-23,역구내 사고,온수(7)역,10:08:00,
297,2024-06-23,발빠짐,신촌역,22:56:00,
298,2024-06-21,열차내 사고,화곡역,18:23:00,
299,2024-06-21,역구내 사고,교대(2)역,15:00:00,
300,2024-06-21,열차내 사고,명동역,07:55:00,
301,2024-06-21,출입문관련,천호(5)역,13:07:00,
302,2024-06-20,출입문관련,몽촌토성역,09:25:00,
303,2024-06-19,기타,둔촌동역,09:00:00,
304,2024-06-19,출입문관련,천호(5)역,13:09:00,
305,2024-06-19,출입문관련,천호(8)역,12:11:00,
306,2024-06-19,출입문관련,거여역,08:07:00,
307,2024-06-17,출입문관련,상계역,08:15:00,
308,2024-06-17,출입문관련,공덕(5)역,16:24:00,
309,2024-06-17,출입문관련,강남역,09:52:00,
310,2024-06-16,발빠짐,충무로(3)역,17:06:00,
311,2024-06-14,출입문관련,불광(3)역,14:26:00,
312,2024-06-13,승강설비관련,동대문(4)역,17:43:00,
313,2024-06-13,출입문관련,미아사거리역,15:30:00,
314,2024-06-12,출입문관련,행당역,14:34:00,
315,2024-06-11,열차내 사고,역삼역,11:31:00,
316,2024-06-11,역구내 사고,가락시장(8)역,07:30:00,
317,2024-06-10,역구내 사고,연신내(6)역,12:41:00,
318,2024-06-10,출입문관련,단대오거리역,18:22:00,
319,2024-06-09,역구내 사고,시청(2)역,23:43:00,
320,2024-06-09,승강설비관련,문정역,09:42:00,
321,2024-06-08,출입문관련,상일동역,20:01:00,
322,2024-06-08,출입문관련,군자(5)역,09:00:00,
323,2024-06-05,열차내 사고,동대문(4)역,17:36:00,
324,2024-06-04,승강설비관련,상수역,17:43:00,
325,2024-06-04,역구내 사고,신도림(2)역,13:50:00,
326,2024-06-04,승강설비관련,고속터미널(3)역,14:58:00,
327,2024-06-04,역구내 사고,효창공원앞역,14:09:00,
328,2024-06-04,출입문관련,강남역,07:57:00,
329,2024-06-03,출입문관련,공릉역,15:39:00,
330,2024-06-03,출입문관련,충무로(4)역,19:50:00,
331,2024-06-01,열차내 사고,압구정역,15:10:00,
332,2024-05-31,출입문관련,회현역,15:35:00,
333,2024-05-30,역구내 사고,혜화역,23:42:00,
334,2024-05-30,발빠짐,동대문역사문화공원(4)역,17:56:00,
335,2024-05-30,역구내 사고,노원(4)역,15:59:00,
336,2024-05-30,열차내 사고,매봉역,18:21:00,
337,2024-05-30,출입문관련,한성대입구역,07:29:00,
338,2024-05-30,발빠짐,고속터미널(7)역,10:44:00,
339,2024-05-28,열차내 사고,성신여대입구역,08:37:00,
340,2024-05-28,열차내 사고,낙성대역,14:58:00,
341,2024-05-28,열차내 사고,기타,17:28:00,
342,2024-05-27,열차내 사고,도봉산(7)역,18:05:00,
343,2024-05-25,열차내 사고,군자(5)역,11:08:00,
344,2024-05-25,출입문관련,남한산성입구역,12:05:00,
345,2024-05-24,역구내 사고,불광(3)역,12:10:00,
346,2024-05-24,역구내 사고,강변역,08:11:00,
347,2024-05-24,출입문관련,천호(5)역,09:26:00,
348,2024-05-23,발빠짐,동대문(4)역,21:25:00,
349,2024-05-23,출입문관련,천호(8)역,08:09:00,
350,2024-05-21,열차내 사고,동대문(4)역,22:15:00,
351,2024-05-21,출입문관련,신금호역,17:57:00,
352,2024-05-20,역구내 사고,동대문역사문화공원(2)역,14:42:00,
353,2024-05-20,출입문관련,을지로입구역,10:36:00,
354,2024-05-18,출입문관련,홍대입구역,20:15:00,
355,2024-05-18,출입문관련,대화역,15:50:00,
356,2024-05-17,발빠짐,성신여대입구역,15:04:00,
357,2024-05-17,출입문관련,건대입구(2)역,12:15:00,
358,2024-05-17,출입문관련,천호(5)역,16:53:00,
359,2024-05-14,열차내 사고,오목교역,17:33:00,
360,2024-05-14,출입문관련,교대(3)역,18:05:00,
361,2024-05-14,출입문관련,군자(5)역,18:10:00,
362,2024-05-14,출입문관련,까치산(5)역,22:50:00,
363,2024-05-14,열차내 사고,문정역,08:14:00,
364,2024-05-13,출입문관련,고덕역,07:36:00,
365,2024-05-13,역구내 사고,가산디지털단지(7)역,23:02:00,
366,2024-05-12,출입문관련,약수(3)역,10:21:00,
367,2024-05-10,열차내 사고,서초역,15:25:00,
368,2024-05-10,열차내 사고,기타,08:30:00,
369,2024-05-10,출입문관련,뚝섬역,11:45:00,
370,2024-05-09,출입문관련,선릉역,10:55:00,
371,2024-05-08,열차내 사고,청량리역,08:40:00,
372,2024-05-08,역구내 사고,천호(8)역,15:50:00,
373,2024-05-08,발빠짐,성신여대입구역,14:00:00,
374,2024-05-08,출입문관련,청구(5)역,17:20:00,
375,2024-05-07,열차내 사고,부평역,22:45:00,
376,2024-05-07,발빠짐,신촌역,20:14:00,
377,2024-05-07,출입문관련,강동역,08:15:00,
378,2024-05-06,승강설비관련,왕십리(2)역,14:20:00,
379,2024-05-05,역구내 사고,성신여대입구역,16:18:00,
380,2024-05-05,역구내 사고,아현역,21:40:00,
381,2024-05-05,출입문관련,충무로(4)역,13:40:00,
382,2024-05-05,역구내 사고,먹골역,16:25:00,
383,2024-05-04,출입문관련,종로3가(1)역,08:51:00,
384,2024-05-02,발빠짐,신대방역,18:31:00,
385,2024-05-02,발빠짐,신대방역,18:31:00,
386,2024-05-01,발빠짐,서대문역,12:30:00,
387,2024-05-01,출입문관련,사당(2)역,13:11:00,
388,2024-04-30,역구내 사고,금호역,19:55:00,
389,2024-04-30,출입문관련,상수역,10:51:00,
390,2024-04-30,출입문관련,영등포시장역,17:05:00,
391,2024-04-29,역구내 사고,영등포구청(2)역,12:57:00,
392,2024-04-28,출입문관련,아차산역,19:59:00,
393,2024-04-27,열차내 사고,도곡역,13:12:00,
394,2024-04-27,열차내 사고,교대(3)역,15:05:00,
395,2024-04-27,역구내 사고,동대문역사문화공원(5)역,09:27:00,
396,2024-04-26,출입문관련,약수(3)역,13:14:00,
397,2024-04-26,출입문관련,약수(3)역,13:14:00,
398,2024-04-25,열차내 사고,천호(5)역,14:01:00,
399,2024-04-24,출입문관련,양재역,08:48:00,
400,2024-04-24,출입문관련,종로3가(5)역,21:00:00,
401,2024-04-23,승강설비관련,약수(6)역,16:02:00,
402,2024-04-23,출입문관련,노원(4)역,15:06:00,
403,2024-04-23,출입문관련,군자(5)역,11:52:00,
404,2024-04-23,출입문관련,창동역,11:58:00,
405,2024-04-22,발빠짐,철산역,18:30:00,
406,2024-04-22,출입문관련,김포공항역,17:26:00,
407,2024-04-21,발빠짐,신림역,16:38:00,
408,2024-04-21,출입문관련,건대입구(7)역,12:16:00,
409,2024-04-21,승강설비관련,노원(7)역,14:12:00,
410,2024-04-20,역구내 사고,서대문역,17:46:00,
411,2024-04-19,발빠짐,고속터미널(7)역,15:28:00,
412,2024-04-19,역구내 사고,마포구청역,21:58:00,
413,2024-04-19,출입문관련,충정로(5)역,09:36:00,
414,2024-04-16,열차내 사고,온수(7)역,17:37:00,
415,2024-04-16,출입문관련,공덕(5)역,17:23:00,
416,2024-04-15,열차내 사고,청구(5)역,19:11:00,
417,2024-04-15,열차내 사고,공덕(5)역,17:56:00,
418,2024-04-14,발빠짐,동대문역사문화공원(4)역,10:55:00,
419,2024-04-14,출입문관련,동대문역사문화공원(4)역,19:48:00,
420,2024-04-14,출입문관련,숭실대입구역,09:00:00,
421,2024-04-13,출입문관련,여의나루역,15:04:00,
422,2024-04-12,출입문관련,상일동역,10:23:00,
423,2024-04-11,열차내 사고,까치산(5)역,08:11:00,
424,2024-04-11,출입문관련,동대문역사문화공원(4)역,07:56:00,
425,2024-04-07,열차내 사고,종로3가(3)역,16:14:00,
426,2024-04-06,출입문관련,신림역,18:54:00,
427,2024-04-06,출입문관련,동대문역사문화공원(5)역,19:00:00,
428,2024-04-05,출입문관련,강동역,12:50:00,
429,2024-04-04,열차내 사고,경복궁역,18:38:00,
430,2024-04-03,기타,기타,16:30:00,
431,2024-04-01,출입문관련,창동역,11:13:00,
432,2024-03-29,승강설비관련,응암역,07:42:00,
433,2024-03-29,발빠짐,압구정역,15:09:00,
434,2024-03-28,발빠짐,충무로(3)역,09:00:00,
435,2024-03-28,열차내 사고,가산디지털단지(7)역,08:04:00,
436,2024-03-28,출입문관련,회현역,15:24:00,
437,2024-03-27,출입문관련,올림픽공원역,08:40:00,
438,2024-03-27,출입문관련,올림픽공원역,08:39:00,
439,2024-03-26,열차내 사고,강남역,08:40:00,
440,2024-03-26,열차내 사고,강남역,08:40:00,
441,2024-03-25,열차내 사고,보라매역,18:39:00,
442,2024-03-25,열차내 사고,강변역,15:00:00,
443,2024-03-23,열차내 사고,도봉산(7)역,14:50:00,
444,2024-03-23,역구내 사고,태릉입구(7)역,07:36:00,
445,2024-03-22,발빠짐,합정(6)역,07:28:00,
446,2024-03-20,역구내 사고,영등포시장역,17:47:00,
447,2024-03-20,출입문관련,혜화역,18:30:00,
448,2024-03-19,출입문관련,화곡역,18:15:00,
449,2024-03-18,열차내 사고,고덕역,15:31:00,
450,2024-03-18,역구내 사고,종각역,09:28:00,
451,2024-03-18,출입문관련,이수(7)역,17:41:00,
452,2024-03-17,승강설비관련,회현역,11:26:00,
453,2024-03-16,발빠짐,제기동역,14:38:00,
454,2024-03-16,출입문관련,방화역,15:49:00,
455,2024-03-15,출입문관련,서울(4)역,15:53:00,
456,2024-03-14,열차내 사고,월계역,20:05:00,
457,2024-03-13,열차내 사고,교대(2)역,15:00:00,
458,2024-03-13,열차내 사고,고객의 소리,07:52:00,
459,2024-03-13,발빠짐,한양대역,18:00:00,
460,2024-03-13,역구내 사고,창동역,07:05:00,
461,2024-03-12,발빠짐,합정(6)역,07:57:00,
462,2024-03-11,출입문관련,왕십리(2)역,18:30:00,
463,2024-03-09,출입문관련,코레일,15:55:00,
464,2024-03-08,출입문관련,선릉역,10:37:00,
465,2024-03-08,출입문관련,강변역,18:38:00,
466,2024-03-07,열차내 사고,봉천역,17:31:00,
467,2024-03-06,열차내 사고,낙성대역,15:51:00,
468,2024-03-06,발빠짐,동대문(4)역,08:14:00,
469,2024-03-06,열차내 사고,공릉역,09:15:00,
470,2024-03-05,출입문관련,신도림(2)역,07:56:00,
471,2024-03-02,출입문관련,남한산성입구역,06:51:00,
472,2024-02-28,역구내 사고,잠원역,13:10:00,
473,2024-02-28,역구내 사고,강남역,11:51:00,
474,2024-02-28,출입문관련,먹골역,10:55:00,
475,2024-02-25,역구내 사고,봉천역,13:51:00,
476,2024-02-24,출입문관련,성신여대입구역,16:15:00,
477,2024-02-23,열차내 사고,목동역,12:38:00,
478,2024-02-23,발빠짐,동대문(4)역,12:09:00,
479,2024-02-22,승강설비관련,길음역,18:14:00,
480,2024-02-22,역구내 사고,학동역,17:08:00,
481,2024-02-21,승강설비관련,까치산(5)역,17:29:00,
482,2024-02-21,열차내 사고,강동역,12:30:00,
483,2024-02-20,역구내 사고,동대문역사문화공원(5)역,11:23:00,
484,2024-02-20,기타,종로3가(1)역,17:34:00,
485,2024-02-19,역구내 사고,교대(2)역,21:01:00,
486,2024-02-17,발빠짐,동대문(4)역,20:25:00,
487,2024-02-17,출입문관련,강남역,12:49:00,
488,2024-02-17,출입문관련,미아사거리역,13:55:00,
489,2024-02-16,출입문관련,아차산역,22:11:00,
490,2024-02-16,출입문관련,아차산역,22:11:00,
491,2024-02-15,승강설비관련,송정역,09:03:00,
492,2024-02-15,역구내 사고,대청역,16:52:00,
493,2024-02-15,출입문관련,아현역,13:51:00,
494,2024-02-15,출입문관련,마장역,15:42:00,
495,2024-02-14,기타,유선접수,09:30:00,
496,2024-02-14,승강설비관련,가산디지털단지(7)역,20:20:00,
497,2024-02-14,출입문관련,부평역,15:12:00,
498,2024-02-09,승강설비관련,상봉역,14:00:00,
499,2024-02-08,승강설비관련,천왕역,16:10:00,
500,2024-02-07,역구내 사고,혜화역,18:49:00,
501,2024-02-06,발빠짐,동대문역사문화공원(4)역,19:42:00,
502,2024-02-06,출입문관련,건대입구(7)역,11:49:00,
503,2024-02-05,출입문관련,천호(5)역,16:14:00,
504,2024-02-03,역구내 사고,철산역,12:00:00,
505,2024-02-03,출입문관련,신용산역,19:02:00,
506,2024-02-03,출입문관련,신용산역,19:02:00,
507,2024-02-02,역구내 사고,장한평역,20:25:00,
508,2024-02-01,발빠짐,동대문역사문화공원(5)역,14:41:00,
509,2024-01-31,열차내 사고,신촌역,21:00:00,
510,2024-01-31,승강설비관련,논현역,20:41:00,
511,2024-01-31,출입문관련,구파발(3)역,14:13:00,
512,2024-01-30,역구내 사고,사당(4)역,07:04:00,
513,2024-01-30,열차내 사고,신대방역,07:59:00,
514,2024-01-30,발빠짐,동대문역사문화공원(4)역,08:00:00,
515,2024-01-30,출입문관련,수서역,08:46:00,
516,2024-01-29,역구내 사고,강동역,07:00:00,
517,2024-01-29,역구내 사고,군자(5)역,12:32:00,
518,2024-01-27,발빠짐,성신여대입구역,15:59:00,
519,2024-01-26,승강설비관련,성신여대입구역,17:22:00,
520,2024-01-25,열차내 사고,신림역,08:00:00,
521,2024-01-24,출입문관련,구파발(3)역,12:50:00,
522,2024-01-21,승강설비관련,쌍문역,11:30:00,
523,2024-01-21,출입문관련,천호(5)역,14:14:00,
524,2024-01-20,열차내 사고,천호(5)역,16:52:00,
525,2024-01-19,발빠짐,군자(7)역,19:00:00,
526,2024-01-19,출입문관련,송내역,17:40:00,
527,2024-01-18,열차내 사고,방배역,16:45:00,
528,2024-01-18,열차내 사고,사당(2)역,16:50:00,
529,2024-01-17,역구내 사고,약수(6)역,22:29:00,
530,2024-01-17,역구내 사고,망원역,21:33:00,
531,2024-01-17,발빠짐,철산역,19:02:00,
532,2024-01-17,출입문관련,선릉역,12:06:00,
533,2024-01-15,역구내 사고,회현역,12:32:00,
534,2024-01-14,열차내 사고,신도림(2)역,16:35:00,
535,2024-01-14,역구내 사고,약수(6)역,14:50:00,
536,2024-01-14,열차내 사고,신도림(2)역,16:35:00,
537,2024-01-13,역구내 사고,을지로3가(3)역,17:16:00,
538,2024-01-13,역구내 사고,수서역,12:50:00,
539,2024-01-13,발빠짐,발산역,17:02:00,
540,2024-01-11,역구내 사고,신촌역,14:00:00,
541,2024-01-11,역구내 사고,구의역,23:30:00,
542,2024-01-11,출입문관련,발산역,16:37:00,
543,2024-01-10,발빠짐,홍제역,06:54:00,
544,2024-01-10,열차내 사고,강남역,20:18:00,
545,2024-01-09,출입문관련,마두역,15:38:00,
546,2024-01-08,승강설비관련,오금(3)역,07:42:00,
547,2024-01-08,출입문관련,교대(3)역,07:42:00,
548,2024-01-07,발빠짐,동대문(4)역,11:21:00,
549,2024-01-06,열차내 사고,수서역,19:55:00,
550,2024-01-05,역구내 사고,가락시장(8)역,08:00:00,
551,2024-01-04,역구내 사고,오금(3)역,08:21:00,
552,2024-01-03,발빠짐,철산역,07:58:00,
553,2024-01-02,출입문관련,동대문역사문화공원(2)역,08:26:00,
554,2023-12-30,출입문관련,을지로4가(2)역,13:37:00,
555,2023-12-30,열차내 사고,을지로3가역,12:37:00,
556,2023-12-27,열차내 사고,문정역,08:35:00,
557,2023-12-27,발빠짐,충무로(3)역,17:43:00,
558,2023-12-26,출입문관련,대림(7)역,20:46:00,
559,2023-12-26,출입문관련,신도림역,08:57:00,
560,2023-12-26,출입문관련,신정역,12:09:00,
561,2023-12-25,역구내 사고,봉천역,15:30:00,
562,2023-12-24,열차내 사고,오금역,11:48:00,
563,2023-12-24,역구내 사고,신대방역,10:37:00,
564,2023-12-24,역구내 사고,회현역,20:58:00,
565,2023-12-23,역구내 사고,신도림역,10:10:00,
566,2023-12-22,역구내 사고,군자(5)역,23:30:00,
567,2023-12-22,열차내 사고,신대방삼거리역,08:15:00,
568,2023-12-21,역구내 사고,신금호역,00:32:00,
569,2023-12-21,역구내 사고,충정로역,08:18:00,
570,2023-12-20,역구내 사고,연신내(3)역,11:58:00,
571,2023-12-20,역구내 사고,합정(2)역,11:10:00,
572,2023-12-20,발빠짐,충무로(3)역,17:17:00,
573,2023-12-20,승강설비관련,연신내(3)역,11:58:00,
574,2023-12-20,발빠짐,신정역,08:01:00,
575,2023-12-18,열차내 사고,사당(4)역,14:13:00,
576,2023-12-18,출입문관련,공덕(5)역,19:22:00,
577,2023-12-17,역구내 사고,신당(2)역,11:53:00,
578,2023-12-16,역구내 사고,독립문역,07:30:00,
579,2023-12-16,역구내 사고,신당(2)역,23:53:00,
580,2023-12-15,역구내 사고,수유역,08:46:00,
581,2023-12-15,역구내 사고,동묘앞(1)역,06:54:00,
582,2023-12-15,발빠짐,서울(1)역,07:24:00,
583,2023-12-14,열차내 사고,낙성대역,08:32:00,
584,2023-12-14,발빠짐,사당(2)역,08:32:00,
585,2023-12-14,열차내 사고,신대방역,22:05:00,
586,2023-12-14,승강설비관련,하계역,11:41:00,
587,2023-12-14,발빠짐,구로디지털단지역,08:38:00,
588,2023-12-14,역구내 사고,남부터미널역,15:17:00,
589,2023-12-14,출입문관련,선릉역,11:07:00,
590,2023-12-13,역구내 사고,수서역,12:50:00,
591,2023-12-12,출입문관련,강동역,07:40:00,
592,2023-12-12,출입문관련,숭실대입구역,18:22:00,
593,2023-12-12,역구내 사고,서울대입구역,10:40:00,
594,2023-12-11,열차내 사고,대방역,12:04:00,
595,2023-12-11,출입문관련,복정역,18:24:00,
596,2023-12-08,승강설비관련,디지털미디어시티역,08:51:00,
597,2023-12-07,발빠짐,몽촌토성역,22:21:00,
598,2023-12-06,승강설비관련,상봉역,14:19:00,
599,2023-12-06,승강설비관련,대림(7)역,10:27:00,
600,2023-12-06,출입문관련,대청역,06:50:00,
601,2023-12-06,출입문관련,명동역,18:06:00,
602,2023-12-05,발빠짐,서울(4)역,09:59:00,
603,2023-12-04,역구내 사고,신설동(1)역,08:11:00,
604,2023-12-04,출입문관련,창동역,12:04:00,
605,2023-12-01,승강설비관련,태릉입구(6)역,12:35:00,
606,2023-12-01,열차내 사고,신도림(2)역,18:18:00,
607,2023-12-01,역구내 사고,역삼역,15:28:00,
608,2023-12-01,열차내 사고,선릉역,18:18:00,
609,2023-11-30,발빠짐,신림역,08:26:00,
610,2023-11-29,승강설비관련,신대방삼거리역,15:19:00,
611,2023-11-29,승강설비관련,신대방삼거리역,16:38:00,
612,2023-11-28,역구내 사고,약수(6)역,11:18:00,
613,2023-11-28,발빠짐,동대문역사문화공원(4)역,18:40:00,
614,2023-11-27,발빠짐,철산역,09:40:00,
615,2023-11-25,출입문관련,아현역,13:47:00,
616,2023-11-24,열차내 사고,종로5가역,09:05:00,
617,2023-11-24,출입문관련,산본역,08:44:00,
618,2023-11-24,역구내 사고,왕십리(5)역,20:20:00,
619,2023-11-21,출입문관련,동대문역사문화공원(5)역,18:32:00,
620,2023-11-20,출입문관련,대림(7)역,07:20:00,
621,2023-11-19,열차내 사고,성수역,09:50:00,
622,2023-11-19,역구내 사고,온수역,17:00:00,
623,2023-11-19,발빠짐,압구정역,19:02:00,
624,2023-11-18,역구내 사고,한강진역,10:15:00,
625,2023-11-18,역구내 사고,구의역,00:30:00,
626,2023-11-17,승강설비관련,하계역,13:45:00,
627,2023-11-16,출입문관련,방화역,11:53:00,
628,2023-11-16,열차내 사고,디지털미디어시티역,16:01:00,
629,2023-11-16,발빠짐,구로디지털단지역,08:55:00,
630,2023-11-16,열차내 사고,문정역,09:25:00,
631,2023-11-16,역구내 사고,사당(4)역,15:38:00,
632,2023-11-15,발빠짐,신길역,11:37:00,
633,2023-11-15,출입문관련,오목교역,15:36:00,
634,2023-11-14,열차내 사고,회현역,08:17:00,
635,2023-11-14,열차내 사고,혜화역,08:17:00,
636,2023-11-14,출입문관련,군자(5)역,10:04:00,
637,2023-11-14,출입문관련,건대입구(2)역,08:50:00,
638,2023-11-13,출입문관련,응암영,17:46:00,
639,2023-11-12,출입문관련,합정(2)역,10:11:00,
640,2023-11-11,출입문관련,이수(4)역,19:53:00,
641,2023-11-10,역구내 사고,혜화역,14:10:00,
642,2023-11-10,출입문관련,신길역,18:39:00,
643,2023-11-09,발빠짐,한성대입구역,19:25:00,
644,2023-11-09,역구내 사고,서초역,18:55:00,
645,2023-11-09,출입문관련,종로3가(3)역,19:28:00,
646,2023-11-08,발빠짐,구로디지털단지역,08:16:00,
647,2023-11-08,열차내 사고,신대방역,15:25:00,
648,2023-11-07,출입문관련,방이역,08:59:00,
649,2023-11-07,출입문관련,청담역,17:42:00,
650,2023-11-06,역구내 사고,신정네거리역,07:57:00,
651,2023-11-06,승강설비관련,역삼역,08:37:00,
652,2023-11-06,승강설비관련,역삼역,08:37:00,
653,2023-11-04,역구내 사고,숙대입구역,11:22:00,
654,2023-11-03,출입문관련,이촌역,11:04:00,
655,2023-11-03,출입문관련,산본역,19:38:00,
656,2023-11-03,발빠짐,경찰병원역,19:36:00,
657,2023-11-03,발빠짐,신촌역,18:09:00,
658,2023-11-02,출입문관련,을지로3가(2)역,14:33:00,
659,2023-11-01,출입문관련,홍대입구역,05:52:00,
660,2023-11-01,출입문관련,홍대입구역,05:52:00,
661,2023-11-01,출입문관련,노원(4)역,13:52:00,
662,2023-11-01,출입문관련,구파발(3)역,18:42:00,
663,2023-11-01,발빠짐,발산역,14:46:00,
664,2023-11-01,승강설비관련,행당역,10:20:00,
665,2023-10-27,열차내 사고,애오개역,19:00:00,
666,2023-10-26,열차내 사고,선릉역,08:32:00,
667,2023-10-26,열차내 사고,선릉(2)역,08:36:00,
668,2023-10-26,출입문관련,상일동,17:32:00,
669,2023-10-26,열차내 사고,강남역,08:45:00,
670,2023-10-26,열차내 사고,강남역,08:45:00,
671,2023-10-26,열차내 사고,봉천역,08:45:00,
672,2023-10-26,출입문관련,면목역,20:39:00,
673,2023-10-26,역구내 사고,선릉역,07:15:00,
674,2023-10-25,출입문관련,녹번(3)역,09:20:00,
675,2023-10-23,출입문관련,월곡역,18:03:00,
676,2023-10-23,역구내 사고,강남구청역,19:00:00,
677,2023-10-23,발빠짐,발산역,23:10:00,
678,2023-10-22,출입문관련,신길역,16:13:00,
679,2023-10-20,출입문관련,먹골역,17:26:00,
680,2023-10-19,출입문관련,종로3가(3)역,20:40:00,
681,2023-10-19,역구내 사고,구로디지털단지역,17:11:00,
682,2023-10-19,열차내 사고,도봉산(7)역,07:02:00,
683,2023-10-18,출입문관련,태릉입구(7)역,18:30:00,
684,2023-10-18,출입문관련,성신여대입구역,15:02:00,
685,2023-10-17,역구내 사고,시청(1)역,14:15:00,
686,2023-10-17,역구내 사고,시청(1)역,14:20:00,
687,2023-10-16,역구내 사고,청담역,07:55:00,
688,2023-10-16,출입문관련,강동역,07:43:00,
689,2023-10-15,역구내 사고,광명사거리역,21:00:00,
690,2023-10-13,승강설비관련,성수역,14:49:00,
691,2023-10-13,출입문관련,성수역,16:15:00,
692,2023-10-12,발빠짐,동대문역사문화공원(4)역,08:19:00,
693,2023-10-11,출입문관련,청량리역,13:29:00,
694,2023-10-11,열차내 사고,구의역,10:45:00,
695,2023-10-11,발빠짐,철산역,08:37:00,
696,2023-10-11,출입문관련,노원(7)역,18:24:00,
697,2023-10-11,승강설비관련,봉천역,09:40:00,
698,2023-10-10,출입문관련,마곡역,08:36:00,
699,2023-10-10,열차내 사고,오목교역,08:18:00,
700,2023-10-09,출입문관련,월드컵경기장역,19:14:00,
701,2023-10-06,역구내 사고,목동역,14:22:00,
702,2023-10-06,출입문관련,송정역,12:02:00,
703,2023-10-06,출입문관련,우장산역,15:49:00,
704,2023-10-05,출입문관련,공덕(5)역,10:14:00,
705,2023-10-04,역구내 사고,고속터미널(3)역,11:40:00,
706,2023-10-04,역구내 사고,신사(3)역,18:17:00,
707,2023-10-02,출입문관련,약수(3)역,15:30:00,
708,2023-09-30,출입문관련,양재역,13:40:00,
709,2023-09-29,승강설비관련,약수(6)역,17:27:00,
710,2023-09-29,역구내 사고,봉천역,17:09:00,
711,2023-09-27,역구내 사고,숭실대입구역,17:50:00,
712,2023-09-26,발빠짐,발산역,18:23:00,
713,2023-09-26,출입문관련,경복궁(3)역,08:44:00,
714,2023-09-26,출입문관련,구로디지털단지역,12:44:00,
715,2023-09-25,역구내 사고,창동역,08:40:00,
716,2023-09-25,출입문관련,군자(5)역,11:25:00,
717,2023-09-25,역구내 사고,남부터미널역,20:15:00,
718,2023-09-25,출입문관련,군자(5)역,17:45:00,
719,2023-09-25,출입문관련,신금호역,10:46:00,
720,2023-09-24,출입문관련,구로역,12:43:00,
721,2023-09-23,출입문관련,종로5가역,13:44:00,
722,2023-09-23,출입문관련,가락시장역,14:37:00,
723,2023-09-21,출입문관련,동대문역사문화공원(2)역,18:19:00,
724,2023-09-20,역구내 사고,군자(5)역,08:04:00,
725,2023-09-20,역구내 사고,신사(3)역,18:05:00,
726,2023-09-20,승강설비관련,신대방삼거리역,08:30:00,
727,2023-09-20,역구내 사고,교대(2)역,08:39:00,
728,2023-09-18,승강설비관련,역촌역,19:36:00,
729,2023-09-18,발빠짐,동대문역사문화공원(5)역,19:51:00,
730,2023-09-18,출입문관련,노원(4)역,08:13:00,
731,2023-09-16,출입문관련,서울(4)역,16:18:00,
732,2023-09-15,역구내 사고,봉천역,15:40:00,
733,2023-09-14,발빠짐,도봉산(7)역,17:19:00,
734,2023-09-14,발빠짐,동대문역사문화공원(2)역,07:46:00,
735,2023-09-13,승강설비관련,종로3가(3)역,12:52:00,
736,2023-09-13,역구내 사고,경찰병원역,16:27:00,
737,2023-09-13,역구내 사고,종로3가(3)역,12:52:00,
738,2023-09-10,열차내 사고,연신내(3)역,11:24:00,
739,2023-09-10,열차내 사고,신당(2)역,11:44:00,
740,2023-09-09,출입문관련,동대문역사문화공원(2)역,16:59:00,
741,2023-09-09,출입문관련,송정역,19:54:00,
742,2023-09-09,역구내 사고,가산디지털단지(7)역,10:40:00,
743,2023-09-08,역구내 사고,교대(3)역,16:26:00,
744,2023-09-08,발빠짐,고속터미널(7)역,17:48:00,
745,2023-09-08,출입문관련,낙성대역,13:47:00,
746,2023-09-08,출입문관련,잠원역,09:33:00,
747,2023-09-07,발빠짐,동대입구역,18:13:00,
748,2023-09-07,출입문관련,이수(4)역,19:35:00,
749,2023-09-07,출입문관련,구로디지털단지역,18:24:00,
750,2023-09-07,발빠짐,서울역,18:13:00,
751,2023-09-05,출입문관련,잠실(8)역,09:48:00,
752,2023-09-05,출입문관련,신도림역,08:03:00,
753,2023-09-05,출입문관련,명일역,18:29:00,
754,2023-09-05,출입문관련,신정네거리역,15:28:00,
755,2023-09-04,출입문관련,서울(4)역,08:25:00,
756,2023-09-02,출입문관련,학동역,16:03:00,
757,2023-09-01,승강설비관련,청량리역,18:27:00,
758,2023-09-01,출입문관련,신림역,16:55:00,
759,2023-08-31,출입문관련,양재역,07:40:00,
760,2023-08-30,발빠짐,서대문역,08:30:00,
761,2023-08-30,열차내 사고,청량리역,07:34:00,
762,2023-08-30,열차내 사고,청량리역,07:34:00,
763,2023-08-30,출입문관련,미아사거리역,08:20:00,
764,2023-08-30,출입문관련,교대(3)역,16:16:00,
765,2023-08-29,출입문관련,성수역,13:32:00,
766,2023-08-29,역구내 사고,왕십리(2)역,11:33:00,
767,2023-08-29,출입문관련,성수역,13:32:00,
768,2023-08-29,출입문관련,신사(3)역,17:36:00,
769,2023-08-28,역구내 사고,증산역,07:39:00,
770,2023-08-28,역구내 사고,창신역,11:22:00,
771,2023-08-28,역구내 사고,종각역,13:41:00,
772,2023-08-28,열차내 사고,태릉입구역,07:09:00,
773,2023-08-28,승강설비관련,철산역,08:16:00,
774,2023-08-27,발빠짐,충무로(3)역,12:59:00,
775,2023-08-26,출입문관련,상일동역,15:57:00,
776,2023-08-25,역구내 사고,수서역,18:48:00,
777,2023-08-24,발빠짐,동대문역사문화공원(4)역,18:20:00,
778,2023-08-24,역구내 사고,연신내(3)역,07:18:00,
779,2023-08-24,출입문관련,종각역,08:52:00,
780,2023-08-23,발빠짐,고속터미널(7)역,20:16:00,
781,2023-08-23,역구내 사고,강변역,06:14:00,
782,2023-08-23,출입문관련,시청(2)역,17:18:00,
783,2023-08-22,출입문관련,을지로3가(2)역,07:38:00,
784,2023-08-22,발빠짐,강변역,08:07:00,
785,2023-08-22,출입문관련,명동역,14:57:00,
786,2023-08-20,역구내 사고,오금(5)역,10:19:00,
787,2023-08-19,승강설비관련,신도림(2)역,16:30:00,
788,2023-08-18,출입문관련,신도림역,19:24:00,
789,2023-08-18,열차내 사고,잠실(2)역,07:39:00,
790,2023-08-17,열차내 사고,을지로4가(2)역,18:20:00,
791,2023-08-17,출입문관련,영등포구청(5)역,17:25:00,
792,2023-08-17,열차내 사고,을지로4가(2)역,18:20:00,
793,2023-08-17,열차내 사고,을지로3가(2)역,18:20:00,
794,2023-08-17,열차내 사고,시청(2)역,14:30:00,
795,2023-08-17,출입문관련,충무로(4)역,08:26:00,
796,2023-08-16,열차내 사고,중곡역,08:25:00,
797,2023-08-16,역구내 사고,역촌역,19:00:00,
798,2023-08-16,열차내 사고,어린이대공원역,08:21:00,
799,2023-08-16,역구내 사고,학여울역,14:03:00,
800,2023-08-15,출입문관련,서울(4)역,13:57:00,
801,2023-08-14,역구내 사고,천왕역,18:40:00,
802,2023-08-13,열차내 사고,방화역,15:30:00,
803,2023-08-12,역구내 사고,어린이대공원역,13:35:00,
804,2023-08-11,출입문관련,동대문역사문화공원(4)역,12:47:00,
805,2023-08-11,승강설비관련,역삼역,09:50:00,
806,2023-08-10,출입문관련,영등포구청(5)역,09:17:00,
807,2023-08-09,역구내 사고,중계역,11:19:00,
808,2023-08-07,출입문관련,군자(5)역,21:32:00,
809,2023-08-07,발빠짐,개화산역,14:50:00,
810,2023-08-07,열차내 사고,쌍문역,08:57:00,
811,2023-08-03,발빠짐,동대문역사문화공원(4)역,09:15:00,
812,2023-08-03,발빠짐,동묘앞(1)역,07:40:00,
813,2023-08-03,출입문관련,잠실(8)역,09:18:00,
814,2023-08-02,출입문관련,면목역,10:03:00,
815,2023-07-31,역구내 사고,논현역,09:15:00,
816,2023-07-31,승강설비관련,독립문역,15:56:00,
817,2023-07-30,역구내 사고,동묘앞(1)역,18:10:00,
818,2023-07-30,열차내 사고,중계역,22:00:00,
819,2023-07-25,발빠짐,철산역,17:48:00,
820,2023-07-25,출입문관련,여의나루역,16:06:00,
821,2023-07-24,출입문관련,이수(4)역,08:09:00,
822,2023-07-24,출입문관련,회현역,18:46:00,
823,2023-07-23,출입문관련,신촌역,21:15:00,
824,2023-07-22,발빠짐,압구정역,13:24:00,
825,2023-07-21,발빠짐,불광(6)역,18:09:00,
826,2023-07-19,역구내 사고,남위례역,14:40:00,
827,2023-07-19,역구내 사고,잠실(2)역,07:25:00,
828,2023-07-18,열차내 사고,대화역,10:25:00,
829,2023-07-18,열차내 사고,암사역,16:00:00,
830,2023-07-18,열차내 사고,방이역,08:07:00,
831,2023-07-17,출입문관련,성수역,08:55:00,
832,2023-07-17,출입문관련,당산(2)역,12:53:00,
833,2023-07-16,역구내 사고,불광(3)역,20:27:00,
834,2023-07-15,역구내 사고,대치역,07:52:00,
835,2023-07-15,열차내 사고,대림(7)역,11:55:00,
836,2023-07-14,열차내 사고,종로3가(1)역,17:40:00,
837,2023-07-14,역구내 사고,용두역,11:06:00,
838,2023-07-14,역구내 사고,사당(2)역,20:10:00,
839,2023-07-14,역구내 사고,안국역,15:30:00,
840,2023-07-13,역구내 사고,종로5가역,18:19:00,
841,2023-07-13,열차내 사고,서초역,22:17:00,
842,2023-07-12,승강설비관련,신당(6)역,08:31:00,
843,2023-07-12,열차내 사고,서울대입구역,22:16:00,
844,2023-07-12,출입문관련,태릉입구(7)역,16:15:00,
845,2023-07-11,발빠짐,신촌역,18:56:00,
846,2023-07-11,역구내 사고,도봉산(7)역,17:47:00,
847,2023-07-11,역구내 사고,강변역,10:18:00,
848,2023-07-09,역구내 사고,신림역,11:32:00,
849,2023-07-08,열차내 사고,시청(1)역,11:06:00,
850,2023-07-07,발빠짐,방배역,18:29:00,
851,2023-07-07,열차내 사고,제S475열차,18:09:00,
852,2023-07-07,출입문관련,합정(2)역,18:02:00,
853,2023-07-06,역구내 사고,교대(3)역,21:11:00,
854,2023-07-05,출입문관련,사당(4)역,18:18:00,
855,2023-07-05,출입문관련,종로5가역,09:47:00,
856,2023-07-04,승강설비관련,잠실(2)역,19:54:00,
857,2023-07-04,열차내 사고,합정(2)역,08:25:00,
858,2023-07-04,열차내 사고,코레일,14:40:00,
859,2023-07-04,승강설비관련,연신내(3)역,16:18:00,
860,2023-07-02,출입문관련,혜화역,15:24:00,
861,2023-07-02,기타,교대(2)역,12:00:00,
862,2023-07-02,출입문관련,디지털미디어시티역,10:03:00,
863,2023-06-30,승강설비관련,청량리역,06:13:00,
864,2023-06-30,승강설비관련,천호역,09:42:00,
865,2023-06-29,출입문관련,발산역,14:00:00,
866,2023-06-29,승강설비관련,이수(7)역,09:56:00,
867,2023-06-29,열차내 사고,대림(2)역,11:09:00,
868,2023-06-29,역구내 사고,잠실나루역,11:14:00,
869,2023-06-27,출입문관련,창동역,18:42:00,
870,2023-06-27,출입문관련,구로디지털단지역,17:55:00,
871,2023-06-27,출입문관련,성수역,08:51:00,
872,2023-06-27,역구내 사고,종로3가(3)역,15:10:00,
873,2023-06-26,출입문관련,지축역,19:06:00,
874,2023-06-23,출입문관련,수유역,11:32:00,
875,2023-06-23,열차내 사고,교대(2)역,18:42:00,
876,2023-06-23,발빠짐,연신내(3)역,07:36:00,
877,2023-06-23,발빠짐,동대문(4)역,13:53:00,
878,2023-06-22,출입문관련,당산(2)역,09:08:00,
879,2023-06-22,승강설비관련,음암역,10:46:00,
880,2023-06-21,출입문관련,쌍문역,17:31:00,
881,2023-06-21,열차내 사고,서울대입구역,10:37:00,
882,2023-06-20,발빠짐,신촌역,13:17:00,
883,2023-06-19,출입문관련,연신내(3)역,14:23:00,
884,2023-06-19,열차내 사고,고속터미널(3)역,15:34:00,
885,2023-06-19,발빠짐,아현역,16:43:00,
886,2023-06-19,발빠짐,성신여대입구역,17:50:00,
887,2023-06-19,출입문관련,을지로3가(2)역,17:08:00,
888,2023-06-17,출입문관련,신도림역,16:00:00,
889,2023-06-16,출입문관련,동대문역사문화공원(4)역,13:35:00,
890,2023-06-16,출입문관련,경찰병원역,16:07:00,
891,2023-06-16,출입문관련,천왕역,14:30:00,
892,2023-06-15,역구내 사고,왕십리(5)역,19:26:00,
893,2023-06-15,승강설비관련,암사역,16:12:00,
894,2023-06-14,열차내 사고,신대방역,11:28:00,
895,2023-06-14,출입문관련,뚝섬역,16:08:00,
896,2023-06-14,발빠짐,성신여대입구역,12:12:00,
897,2023-06-13,발빠짐,종로3가(1)역,09:16:00,
898,2023-06-13,승강설비관련,약수(6)역,07:54:00,
899,2023-06-13,발빠짐,신금호역,13:47:00,
900,2023-06-11,출입문관련,잠실(2)역,14:27:00,
901,2023-06-11,역구내 사고,신정네거리역,19:38:00,
902,2023-06-11,승강설비관련,우장산역,17:02:00,
903,2023-06-10,역구내 사고,마들역,16:31:00,
904,2023-06-09,역구내 사고,창동역,19:51:00,
905,2023-06-09,출입문관련,인덕원역,18:02:00,
906,2023-06-08,열차내 사고,화서역,18:23:00,
907,2023-06-07,역구내 사고,신당(2)역,16:40:00,
908,2023-06-05,승강설비관련,월드컵경기장역,16:53:00,
909,2023-06-05,출입문관련,을지로입구(2)역,14:02:00,
910,2023-06-04,역구내 사고,봉천역,22:37:00,
911,2023-06-03,출입문관련,군자(5)역,16:15:00,
912,2023-06-02,발빠짐,도봉산(7)역,18:26:00,
913,2023-06-01,발빠짐,신촌역,08:24:00,
914,2023-05-31,출입문관련,사가정역,11:57:00,
915,2023-05-31,출입문관련,오남역,10:37:00,
916,2023-05-31,승강설비관련,논현역,18:02:00,
917,2023-05-30,발빠짐,충무로(4)역,20:19:00,
918,2023-05-30,역구내 사고,고속터미널(3)역,13:15:00,
919,2023-05-30,역구내 사고,몽촌토성역,08:05:00,
920,2023-05-28,역구내 사고,구파발(3)역,18:20:00,
921,2023-05-27,출입문관련,낙성대역,22:10:00,
922,2023-05-27,승강설비관련,신정네거리역,16:17:00,
923,2023-05-27,출입문관련,장승배기역,16:48:00,
924,2023-05-26,출입문관련,서울(4)역,10:33:00,
925,2023-05-25,출입문관련,신도림(2)역,10:49:00,
926,2023-05-25,열차내 사고,문래역,08:33:00,
927,2023-05-25,출입문관련,인천역,07:50:00,
928,2023-05-23,열차내 사고,청량리역,14:03:00,
929,2023-05-23,역구내 사고,천호(8)역,08:26:00,
930,2023-05-20,출입문관련,홍대입구역,16:06:00,
931,2023-05-20,역구내 사고,봉천역,18:09:00,
932,2023-05-19,역구내 사고,서초역,15:13:00,
933,2023-05-19,역구내 사고,시청(2)역,11:40:00,
934,2023-05-19,출입문관련,동대문역사문화공원(2)역,16:20:00,
935,2023-05-18,역구내 사고,장승배기역,20:30:00,
936,2023-05-18,열차내 사고,을지로입구(2)역,17:45:00,
937,2023-05-18,발빠짐,동대문역사문화공원(4)역,15:07:00,
938,2023-05-17,출입문관련,발산역,11:44:00,
939,2023-05-17,출입문관련,봉천역,18:09:00,
940,2023-05-15,열차내 사고,3130열차,09:20:00,
941,2023-05-14,열차내 사고,청량리역,12:09:00,
942,2023-05-14,역구내 사고,동대입구역,19:05:00,
943,2023-05-14,열차내 사고,청량리역,14:56:00,
944,2023-05-11,출입문관련,발산역,17:28:00,
945,2023-05-11,열차내 사고,봉천역,08:22:00,
946,2023-05-11,발빠짐,충무로(3)역,16:19:00,
947,2023-05-11,열차내 사고,사당(2)역,08:22:00,
948,2023-05-11,열차내 사고,신림역,08:22:00,
949,2023-05-10,열차내 사고,마장역,17:50:00,
950,2023-05-10,역구내 사고,사당(4)역,08:14:00,
951,2023-05-08,출입문관련,구산역,18:33:00,
952,2023-05-08,열차내 사고,남영역,17:09:00,
953,2023-05-08,발빠짐,을지로4가(2)역,18:16:00,
954,2023-05-08,출입문관련,사당(4)역,09:59:00,
955,2023-05-07,열차내 사고,중화역,13:54:00,
956,2023-05-07,열차내 사고,신설동(1)역,18:00:00,
957,2023-05-06,역구내 사고,합정(6)역,16:49:00,
958,2023-05-06,승강설비관련,성수역,13:16:00,
959,2023-05-03,승강설비관련,구로디지털단지역,12:25:00,
960,2023-05-02,출입문관련,화곡역,20:30:00,
961,2023-05-02,발빠짐,어린이대공원역,08:31:00,
962,2023-04-30,발빠짐,신촌역,22:57:00,
963,2023-04-30,열차내 사고,청담역,10:30:00,
964,2023-04-29,승강설비관련,고속터미널(3)역,17:14:00,
965,2023-04-29,역구내 사고,사당(2)역,09:21:00,
966,2023-04-29,열차내 사고,사당(2)역,00:05:00,
967,2023-04-27,열차내 사고,동인천역,16:40:00,
968,2023-04-27,발빠짐,서울(1)역,12:36:00,
969,2023-04-26,열차내 사고,오류동역,13:30:00,
970,2023-04-25,열차내 사고,낙성대역,08:30:00,
971,2023-04-25,열차내 사고,삼성역,08:38:00,
972,2023-04-24,열차내 사고,하남시청역,18:10:00,
973,2023-04-22,출입문관련,방이역,15:07:00,
974,2023-04-21,열차내 사고,천왕역,09:40:00,
975,2023-04-21,역구내 사고,건대입구(7)역,11:00:00,
976,2023-04-19,출입문관련,사당(4)역,09:28:00,
977,2023-04-19,출입문관련,하계역,10:38:00,
978,2023-04-19,발빠짐,고속터미널(7)역,15:28:00,
979,2023-04-18,승강설비관련,대흥역,08:18:00,
980,2023-04-18,출입문관련,충무로(3)역,16:06:00,
981,2023-04-17,역구내 사고,창동역,13:39:00,
982,2023-04-13,열차내 사고,신림역,18:44:00,
983,2023-04-13,발빠짐,구파발(3)역,11:32:00,
984,2023-04-12,역구내 사고,사당(4)역,16:06:00,
985,2023-04-12,역구내 사고,사당(2)역,15:15:00,
986,2023-04-11,역구내 사고,사당(2)역,07:13:00,
987,2023-04-10,발빠짐,동대문(1)역,17:15:00,
988,2023-04-09,출입문관련,사당(2)역,12:51:00,
989,2023-04-08,발빠짐,아현역,12:47:00,
990,2023-04-08,발빠짐,신촌역,12:47:00,
991,2023-04-06,열차내 사고,고객의소리,19:00:00,
992,2023-04-06,열차내 사고,송정역,18:58:00,
993,2023-04-05,출입문관련,광명사거리역,08:35:00,
994,2023-04-05,역구내 사고,모란역,09:26:00,
995,2023-04-04,역구내 사고,남한산성입구역,20:36:00,
996,2023-04-04,출입문관련,김포공항(5)역,15:38:00,
997,2023-04-03,열차내 사고,동대문(1)역,12:18:00,
998,2023-04-02,출입문관련,미사역,11:24:00,
999,2023-04-01,출입문관련,동작역,11:50:00,
1000,2023-04-01,출입문관련,신당(2)역,18:03:00,
1001,2023-03-31,출입문관련,신도림(1)역,17:41:00,
1002,2023-03-30,발빠짐,종로3가(3)역,08:28:00,
1003,2023-03-28,승강설비관련,고속터미널(7)역,12:11:00,
1004,2023-03-27,출입문관련,불광(3)역,18:57:00,
1005,2023-03-27,출입문관련,창동역,07:23:00,
1006,2023-03-25,승강설비관련,까치산(5)역,22:30:00,
1007,2023-03-25,열차내 사고,시청(1)역,14:20:00,
1008,2023-03-24,출입문관련,노원(4)역,16:00:00,
1009,2023-03-24,출입문관련,동대문역사문화공원(4)역,18:09:00,
1010,2023-03-23,출입문관련,연신내(3)역,11:45:00,
1011,2023-03-23,발빠짐,개화산역,12:02:00,
1012,2023-03-22,발빠짐,고속터미널(7)역,20:49:00,
1013,2023-03-22,발빠짐,방배역,18:27:00,
1014,2023-03-22,출입문관련,수락산역,00:55:00,
1015,2023-03-22,열차내 사고,암사역,18:20:00,
1016,2023-03-21,열차내 사고,장한평역,19:05:00,
1017,2023-03-21,출입문관련,영등포시장(5)역,09:47:00,
1018,2023-03-21,승강설비관련,새절역,06:04:00,
1019,2023-03-20,출입문관련,삼송역,09:17:00,
1020,2023-03-19,발빠짐,동묘앞(1)역,15:59:00,
1021,2023-03-18,승강설비관련,약수(6)역,19:30:00,
1022,2023-03-14,출입문관련,천호(8)역,14:59:00,
1023,2023-03-14,출입문관련,모란역,14:59:00,
1024,2023-03-13,열차내 사고,서울(1)역,00:00:00,
1025,2023-03-13,발빠짐,사당(2)역,18:00:00,
1026,2023-03-11,출입문관련,사당(4)역,14:15:00,
1027,2023-03-11,승강설비관련,종로3가(1)역,16:22:00,
1028,2023-03-10,역구내 사고,강동역,07:06:00,
1029,2023-03-10,역구내 사고,석계(6)역,11:23:00,
1030,2023-03-10,열차내 사고,석계역,17:56:00,
1031,2023-03-10,출입문관련,신도림(2)역,16:32:00,
1032,2023-03-10,출입문관련,상계역,10:45:00,
1033,2023-03-09,역구내 사고,을지로3가(3)역,15:30:00,
1034,2023-03-09,열차내 사고,신림역,08:29:00,
1035,2023-03-09,열차내 사고,석계(1)역,17:56:00,
1036,2023-03-08,열차내 사고,서대문역,18:23:00,
1037,2023-03-07,열차내 사고,봉천역,08:51:00,
1038,2023-03-07,역구내 사고,사당(4)역,23:29:00,
1039,2023-03-06,출입문관련,교대(2)역,18:55:00,
1040,2023-03-04,출입문관련,방화역,16:49:00,
1041,2023-03-03,역구내 사고,을지로3가(3)역,14:17:00,
1042,2023-03-03,열차내 사고,목동역,18:12:00,
1043,2023-03-02,발빠짐,홍제역,08:12:00,
1044,2023-03-02,출입문관련,동대문역사문화공원(4)역,07:11:00,
1045,2023-03-02,출입문관련,동대문역사문화공원(4)역,07:11:00,
1046,2023-02-28,역구내 사고,무악재역,11:57:00,
1047,2023-02-27,발빠짐,청량리역,08:05:00,
1048,2023-02-27,발빠짐,청량리역,08:05:00,
1049,2023-02-27,출입문관련,사당(2)역,18:41:00,
1050,2023-02-26,승강설비관련,오목교역,15:58:00,
1051,2023-02-25,열차내 사고,구의역,09:31:00,
1052,2023-02-25,출입문관련,구로디지털단지역,09:31:00,
1053,2023-02-24,승강설비관련,마들역,12:26:00,
1054,2023-02-23,역구내 사고,삼성역,12:45:00,
1055,2023-02-23,출입문관련,방화역,08:46:00,
1056,2023-02-23,출입문관련,남부터미널역,16:48:00,
1057,2023-02-23,출입문관련,종로3가(1)역,08:45:00,
1058,2023-02-22,출입문관련,남한산성역,08:59:00,
1059,2023-02-21,역구내 사고,금호역,12:31:00,
1060,2023-02-20,열차내 사고,합정(2)역,18:34:00,
1061,2023-02-20,열차내 사고,종로3가(1)역,18:15:00,
1062,2023-02-18,출입문관련,남성역,16:49:00,
1063,2023-02-15,열차내 사고,종로3가(1)역,09:25:00,
1064,2023-02-15,열차내 사고,신설동(1)역,09:15:00,
1065,2023-02-14,열차내 사고,금정역,08:30:00,
1066,2023-02-13,열차내 사고,양평역,19:46:00,
1067,2023-02-12,열차내 사고,금정역,19:35:00,
1068,2023-02-10,열차내 사고,천호(5)역,08:30:00,
1069,2023-02-10,열차내 사고,을지로3가(2)역,16:27:00,
1070,2023-02-10,열차내 사고,회기역,18:38:00,
1071,2023-02-08,역구내 사고,경복궁(3)역,11:00:00,
1072,2023-02-08,출입문관련,서초역,15:06:00,
1073,2023-02-07,출입문관련,아차산역,17:59:00,
1074,2023-02-07,발빠짐,군자(7)역,08:20:00,
1075,2023-02-06,출입문관련,구로디지털단지역,08:14:00,
1076,2023-02-04,출입문관련,선릉(2)역,13:21:00,
1077,2023-02-03,출입문관련,오금(3)역,17:51:00,
1078,2023-01-31,역구내 사고,선릉(2)역,06:02:00,
1079,2023-01-30,발빠짐,동대문역사문화공원(4)역,08:10:00,
1080,2023-01-30,역구내 사고,애오개역,09:33:00,
1081,2023-01-30,역구내 사고,잠실(2)역,15:29:00,
1082,2023-01-30,열차내 사고,신설동(1)역,18:34:00,
1083,2023-01-30,역구내 사고,잠실(2)역,15:29:00,
1084,2023-01-29,기타,고려대역,16:34:00,
1085,2023-01-29,역구내 사고,고려대역,17:51:00,
1086,2023-01-29,발빠짐,신촌역,22:07:00,
1087,2023-01-28,열차내 사고,성신여대입구역,18:24:00,
1088,2023-01-28,승강설비관련,논현역,07:04:00,
1089,2023-01-28,역구내 사고,종로3가(3)역,22:07:00,
1090,2023-01-28,발빠짐,동대문역사문화공원(2)역,18:58:00,
1091,2023-01-27,열차내 사고,고속터미널(3)역,09:10:00,
1092,2023-01-27,역구내 사고,양재역,08:38:00,
1093,2023-01-26,역구내 사고,종합운동장역,08:19:00,
1094,2023-01-26,역구내 사고,뚝섬유원지역,10:56:00,
1095,2023-01-25,발빠짐,서울(1)역,08:19:00,
1096,2023-01-25,발빠짐,도봉산(7)역,06:56:00,
1097,2023-01-22,역구내 사고,고속터미널(3)역,06:47:00,
1098,2023-01-19,출입문관련,강동역,13:41:00,
1099,2023-01-18,출입문관련,신도림(1)역,15:30:00,
1100,2023-01-18,열차내 사고,철산역,08:39:00,
1101,2023-01-18,역구내 사고,온수(7)역,08:15:00,
1102,2023-01-17,출입문관련,삼성역,19:09:00,
1103,2023-01-17,발빠짐,동대문역사문화공원(5)역,18:25:00,
1104,2023-01-16,발빠짐,철산역,18:42:00,
1105,2023-01-16,출입문관련,군자(5)역,07:40:00,
1106,2023-01-16,승강설비관련,사당(2)역,13:03:00,
1107,2023-01-15,승강설비관련,약수(3)역,08:59:00,
1108,2023-01-14,발빠짐,충무로(3)역,09:26:00,
1109,2023-01-12,출입문관련,수유역,17:44:00,
1110,2023-01-10,발빠짐,목동역,18:09:00,
1111,2023-01-10,발빠짐,구로디지털단지역,07:43:00,
1112,2023-01-10,열차내 사고,동작역,15:40:00,
1113,2023-01-10,출입문관련,영등포구청(5)역,18:40:00,
1114,2023-01-09,열차내 사고,종로5가역,14:45:00,
1115,2023-01-08,출입문관련,을지로입구역,16:36:00,
1116,2023-01-06,열차내 사고,시청(1)역,08:23:00,
1117,2023-01-06,열차내 사고,동대문(1)역,08:23:00,
1118,2023-01-06,발빠짐,동대문역사문화공원(4)역,22:37:00,
1119,2023-01-06,열차내 사고,구로역,08:24:00,
1120,2023-01-06,열차내 사고,회기역,09:05:00,
1121,2023-01-06,열차내 사고,시청(1)역,08:23:00,
1122,2023-01-04,열차내 사고,구의역,12:13:00,
1123,2023-01-04,역구내 사고,역삼역,18:05:00,
1124,2023-01-04,열차내 사고,청량리역,10:30:00,
1125,2023-01-03,출입문관련,서울(4)역,09:56:00,
1126,2023-01-03,열차내 사고,종각역,09:28:00,
1127,2023-01-02,열차내 사고,낙성대역,15:34:00,
1128,2023-01-02,출입문관련,도화역,15:48:00,
1129,2023-01-02,출입문관련,문래역,08:23:00,
1130,2022-12-30,역구내 사고,광나루역,12:05:00,
1131,2022-12-29,열차내 사고,을지로3가(3)역,18:18:00,
1132,2022-12-27,열차내 사고,동묘앞(1)역,08:09:00,
1133,2022-12-27,열차내 사고,먹골역,11:05:00,
1134,2022-12-26,출입문관련,종로3가(3)역,15:58:00,
1135,2022-12-26,역구내 사고,구파발(3)역,00:08:00,
1136,2022-12-25,출입문관련,대림(7)역,16:27:00,
1137,2022-12-25,출입문관련,장한평역,09:13:00,
1138,2022-12-23,발빠짐,합정(6)역,18:43:00,
1139,2022-12-22,출입문관련,을지로입구역,18:52:00,
1140,2022-12-21,역구내 사고,보라매역,16:50:00,
1141,2022-12-21,역구내 사고,신도림(2)역,18:10:00,
1142,2022-12-21,역구내 사고,용답역,16:21:00,
1143,2022-12-20,승강설비관련,증산역,07:02:00,
1144,2022-12-19,열차내 사고,종로3가(1)역,12:52:00,
1145,2022-12-18,역구내 사고,창동역,07:03:00,
1146,2022-12-18,역구내 사고,창동역,07:03:00,
1147,2022-12-17,역구내 사고,문래역,08:48:00,
1148,2022-12-16,열차내 사고,석촌역,08:01:00,
1149,2022-12-16,출입문관련,동대문역사문화공원(2)역,14:39:00,
1150,2022-12-15,역구내 사고,삼성역,20:45:00,
1151,2022-12-15,승강설비관련,경복궁(3)역,21:49:00,
1152,2022-12-15,역구내 사고,경복궁(3)역,14:37:00,
1153,2022-12-15,열차내 사고,신도림(2)역,12:42:00,
1154,2022-12-12,열차내 사고,오금(3)역,16:53:00,
1155,2022-12-12,역구내 사고,잠실새내역,20:11:00,
1156,2022-12-11,역구내 사고,상봉역,22:28:00,
1157,2022-12-10,출입문관련,회현역,20:43:00,
1158,2022-12-09,열차내 사고,사당(4)역,08:50:00,
1159,2022-12-09,발빠짐,을지로3가(2)역,22:48:00,
1160,2022-12-09,출입문관련,교대(3)역,18:03:00,
1161,2022-12-08,역구내 사고,제기동역,14:56:00,
1162,2022-12-08,출입문관련,천호(8)역,07:52:00,
1163,2022-12-07,열차내 사고,문정역,08:44:00,
1164,2022-12-07,발빠짐,철산역,18:30:00,
1165,2022-12-06,발빠짐,불광(3)역,09:00:00,
1166,2022-12-06,열차내 사고,삼송역,16:05:00,
1167,2022-12-06,역구내 사고,성수역,08:11:00,
1168,2022-12-06,역구내 사고,삼성역,17:22:00,
1169,2022-12-04,열차내 사고,청량리역,13:38:00,
1170,2022-12-03,열차내 사고,신도림(2)역,17:20:00,
1171,2022-12-03,기타,건대입구(2)역,22:00:00,
1172,2022-12-03,열차내 사고,신도림(2)역,17:20:00,
1173,2022-12-03,열차내 사고,신도림(2)역,17:20:00,
1174,2022-12-02,발빠짐,동대문역사문화공원(4)역,19:18:00,
1175,2022-12-01,승강설비관련,한성대입구역,11:12:00,
1176,2022-12-01,승강설비관련,화랑대역,14:56:00,
1177,2022-11-30,발빠짐,회현역,17:29:00,
1178,2022-11-30,발빠짐,서울(4)역,18:42:00,
1179,2022-11-30,열차내 사고,철산역,17:10:00,
1180,2022-11-30,발빠짐,동대문역사문화공원(4)역,07:05:00,
1181,2022-11-30,열차내 사고,연신내(3)역,18:35:00,
1182,2022-11-30,열차내 사고,미아사거리역,10:22:00,
1183,2022-11-29,출입문관련,동대문역사문화공원(2)역,08:29:00,
1184,2022-11-29,열차내 사고,신림역,08:22:00,
1185,2022-11-29,발빠짐,을지로4가(2)역,08:54:00,
1186,2022-11-29,출입문관련,종로3가(3)역,07:50:00,
1187,2022-11-28,승강설비관련,사가정역,15:42:00,
1188,2022-11-28,역구내 사고,신사역,22:05:00,
1189,2022-11-27,승강설비관련,마곡역,15:49:00,
1190,2022-11-26,열차내 사고,서울(1)역,14:29:00,
1191,2022-11-26,열차내 사고,아현역,14:29:00,
1192,2022-11-26,발빠짐,동대문(4)역,14:40:00,
1193,2022-11-25,승강설비관련,압구정역,17:41:00,
1194,2022-11-24,열차내 사고,서울(1)역,14:29:00,
1195,2022-11-24,역구내 사고,구의역,18:10:00,
1196,2022-11-24,열차내 사고,을지로3가(2)역,10:38:00,
1197,2022-11-24,역구내 사고,역삼역,17:29:00,
1198,2022-11-24,출입문관련,신림역,18:58:00,
1199,2022-11-23,출입문관련,장승배기역,13:21:00,
1200,2022-11-23,출입문관련,화곡역,16:18:00,
1201,2022-11-22,발빠짐,금호역,09:21:00,
1202,2022-11-22,발빠짐,왕십리(5)역,08:00:00,
1203,2022-11-22,열차내 사고,혜화역,08:40:00,
1204,2022-11-22,발빠짐,금호역,09:21:00,
1205,2022-11-21,열차내 사고,개봉역,09:59:00,
1206,2022-11-21,열차내 사고,천호(5)역,08:34:00,
1207,2022-11-18,역구내 사고,잠실(2)역,13:21:00,
1208,2022-11-17,승강설비관련,합정(6)역,12:24:00,
1209,2022-11-17,출입문관련,압구정역,15:38:00,
1210,2022-11-17,승강설비관련,합정(6)역,12:24:00,
1211,2022-11-17,승강설비관련,옥수역,08:25:00,
1212,2022-11-16,열차내 사고,도봉산(7)역,08:10:00,
1213,2022-11-16,열차내 사고,사가정역,08:12:00,
1214,2022-11-16,출입문관련,이촌역,15:42:00,
1215,2022-11-15,출입문관련,명일역,17:58:00,
1216,2022-11-15,출입문관련,천호(5)역,19:23:00,
1217,2022-11-14,출입문관련,남위례역,08:35:00,
1218,2022-11-12,출입문관련,왕십리(2)역,16:37:00,
1219,2022-11-12,출입문관련,왕십리(2)역,17:00:00,
1220,2022-11-09,발빠짐,고속터미널(7)역,15:39:00,
1221,2022-11-09,출입문관련,동대문(1)역,13:34:00,
1222,2022-11-08,승강설비관련,신정역,16:14:00,
1223,2022-11-05,열차내 사고,압구정역,08:56:00,
1224,2022-11-05,역구내 사고,구로디지털단지역,17:10:00,
1225,2022-11-03,열차내 사고,시청(1)역,08:09:00,
1226,2022-11-03,발빠짐,공릉역,23:04:00,
1227,2022-11-03,열차내 사고,종각역,08:08:00,
1228,2022-11-03,출입문관련,동대문역사문화공원(4)역,19:38:00,
1229,2022-11-03,열차내 사고,시청(1)역,08:14:00,
1230,2022-11-03,열차내 사고,서울(1)역,08:09:00,
1231,2022-11-01,역구내 사고,숙대입구역,17:16:00,
1232,2022-11-01,출입문관련,을지로3가(2)역,09:16:00,
1233,2022-11-01,열차내 사고,이수(4)역,08:58:00,
1234,2022-10-31,출입문관련,남부터미널역,05:57:00,
1235,2022-10-29,발빠짐,옥수역,22:21:00,
1236,2022-10-27,열차내 사고,철산역,19:10:00,
1237,2022-10-26,발빠짐,동대문역사문화공원(4)역,08:29:00,
1238,2022-10-24,출입문관련,강일역,14:41:00,
1239,2022-10-24,발빠짐,동대문역사문화공원(4)역,07:49:00,
1240,2022-10-24,열차내 사고,충무로(4)역,05:45:00,
1241,2022-10-22,발빠짐,충무로(3)역,20:32:00,
1242,2022-10-22,발빠짐,충무로(3)역,20:32:00,
1243,2022-10-20,승강설비관련,문정역,19:02:00,
1244,2022-10-19,출입문관련,회현역,09:00:00,
1245,2022-10-18,출입문관련,교대(2)역,15:45:00,
1246,2022-10-17,출입문관련,금호역,10:02:00,
1247,2022-10-15,열차내 사고,회기역,14:42:00,
1248,2022-10-15,열차내 사고,신대방역,23:30:00,
1249,2022-10-15,열차내 사고,하남시청역,17:00:00,
1250,2022-10-14,열차내 사고,신림역,16:20:00,
1251,2022-10-14,출입문관련,청구(6)역,13:02:00,
1252,2022-10-13,발빠짐,동대문(4)역,12:18:00,
1253,2022-10-13,발빠짐,고속터미널(7)역,12:28:00,
1254,2022-10-12,역구내 사고,을지로3가(2)역,15:56:00,
1255,2022-10-11,열차내 사고,종각역,10:11:00,
1256,2022-10-10,출입문관련,군자(7)역,15:20:00,
1257,2022-10-10,역구내 사고,구파발(3)역,17:42:00,
1258,2022-10-10,열차내 사고,안국역,16:20:00,
1259,2022-10-09,열차내 사고,인덕원역,12:20:00,
1260,2022-10-06,역구내 사고,신도림(2)역,21:25:00,
1261,2022-10-06,출입문관련,노원(7)역,14:03:00,
1262,2022-10-05,출입문관련,도봉산(7)역,19:44:00,
1263,2022-10-05,출입문관련,종로3가(3)역,11:19:00,
1264,2022-10-05,출입문관련,교대(3)역,18:04:00,
1265,2022-10-04,열차내 사고,선릉(2)역,08:23:00,
1266,2022-10-02,출입문관련,혜화역,19:58:00,
1267,2022-09-30,열차내 사고,연신내(3)역,15:36:00,
1268,2022-09-30,열차내 사고,논현역,08:36:00,
1269,2022-09-30,출입문관련,연신내(3)역,09:48:00,
1270,2022-09-29,출입문관련,군자(5)역,18:45:00,
1271,2022-09-28,발빠짐,가산디지털단지(7)역,18:16:00,
1272,2022-09-24,발빠짐,충정로(2)역,16:12:00,
1273,2022-09-23,역구내 사고,화곡역,08:37:00,
1274,2022-09-22,출입문관련,천호(5)역,17:27:00,
1275,2022-09-22,발빠짐,동대문역사문화공원(5)역,08:39:00,
1276,2022-09-22,출입문관련,창동역,09:45:00,
1277,2022-09-21,열차내 사고,산본역,11:58:00,
1278,2022-09-20,출입문관련,신촌역,16:33:00,
1279,2022-09-19,승강설비관련,혜화역,08:25:00,
1280,2022-09-19,열차내 사고,대림(2)역,09:00:00,
1281,2022-09-19,출입문관련,이수(4)역,09:08:00,
1282,2022-09-17,발빠짐,동작역,16:20:00,
1283,2022-09-17,출입문관련,동대문역사문화공원(5)역,11:28:00,
1284,2022-09-16,역구내 사고,압구정역,08:16:00,
1285,2022-09-16,열차내 사고,대림(2)역,16:38:00,
1286,2022-09-16,열차내 사고,압구정역,09:07:00,
1287,2022-09-11,승강설비관련,공덕(6)역,13:23:00,
1288,2022-09-08,출입문관련,하남풍산역,16:17:00,
1289,2022-09-07,발빠짐,압구정역,18:02:00,
1290,2022-09-07,열차내 사고,여의도역,18:23:00,
1291,2022-09-06,열차내 사고,상일동역,08:56:00,
1292,2022-09-05,역구내 사고,이촌역,17:44:00,
1293,2022-09-05,열차내 사고,쌍문역,14:51:00,
1294,2022-09-05,승강설비관련,고덕역,12:26:00,
1295,2022-09-04,열차내 사고,관악역,15:20:00,
1296,2022-09-03,발빠짐,을지로3가(2)역,14:14:00,
1297,2022-09-02,역구내 사고,디지털미디어시티역,09:05:00,
1298,2022-09-01,열차내 사고,까치울역,17:40:00,
1299,2022-09-01,열차내 사고,천호(5)역,19:03:00,
1300,2022-09-01,역구내 사고,잠실(2)역,17:55:00,
1301,2022-09-01,열차내 사고,사가정역,08:07:00,
1302,2022-08-30,승강설비관련,가산디지털단지(7)역,13:10:00,
1303,2022-08-30,출입문관련,신길역,18:28:00,
1304,2022-08-30,열차내 사고,사당(4)역,19:27:00,
1305,2022-08-30,열차내 사고,동대문역사문화공원(5)역,13:43:00,
1306,2022-08-29,출입문관련,문정역,18:43:00,
1307,2022-08-28,발빠짐,시청(2)역,09:52:00,
1308,2022-08-25,역구내 사고,거여역,05:40:00,
1309,2022-08-25,열차내 사고,하남시청역,18:50:00,
1310,2022-08-24,발빠짐,문정역,18:07:00,
1311,2022-08-23,출입문관련,을지로4가(2)역,18:57:00,
1312,2022-08-23,발빠짐,동대문역사문화공원(4)역,06:50:00,
1313,2022-08-22,역구내 사고,화랑대역,13:35:00,
1314,2022-08-20,출입문관련,홍대입구역,23:33:00,
1315,2022-08-20,출입문관련,수유역,16:27:00,
1316,2022-08-19,출입문관련,군자(5)역,17:00:00,
1317,2022-08-19,출입문관련,동대문역사문화공원(4)역,16:08:00,
1318,2022-08-19,출입문관련,대림(7)역,08:28:00,
1319,2022-08-18,발빠짐,고속터미널(7)역,15:00:00,
1320,2022-08-17,발빠짐,충무로(3)역,08:48:00,
1321,2022-08-16,승강설비관련,남구로역,07:21:00,
1322,2022-08-16,출입문관련,도림천역,08:22:00,
1323,2022-08-15,출입문관련,충무로(4)역,16:21:00,
1324,2022-08-13,출입문관련,동대문(1)역,15:18:00,
1325,2022-08-13,역구내 사고,미사역,11:30:00,
1326,2022-08-12,발빠짐,시청(2)역,11:34:00,
1327,2022-08-12,승강설비관련,가산디지털단지(7)역,08:17:00,
1328,2022-08-12,출입문관련,서울(4)역,07:50:00,
1329,2022-08-11,역구내 사고,서울(1)역,10:35:00,
1330,2022-08-10,열차내 사고,강동역,06:44:00,
1331,2022-08-09,역구내 사고,압구정역,12:14:00,
1332,2022-08-08,발빠짐,충무로(3)역,16:47:00,
1333,2022-08-07,열차내 사고,신당(6)역,12:28:00,
1334,2022-08-05,열차내 사고,사가정역,22:00:00,
1335,2022-08-05,열차내 사고,사당(4)역,19:50:00,
1336,2022-08-03,역구내 사고,대청역,05:12:00,
1337,2022-08-03,역구내 사고,연신내(6)역,07:40:00,
1338,2022-08-03,출입문관련,대림(7)역,12:40:00,
1339,2022-08-03,역구내 사고,사당(4)역,06:19:00,
1340,2022-08-02,역구내 사고,용두역,13:00:00,
1341,2022-08-02,역구내 사고,남구로역,18:05:00,
1342,2022-08-01,발빠짐,신촌역,12:33:00,
1343,2022-08-01,역구내 사고,구파발(3)역,08:24:00,
1344,2022-08-01,열차내 사고,제기동역,13:10:00,
1345,2022-08-01,발빠짐,신촌역,08:24:00,
1346,2022-08-01,출입문관련,동대문역사문화공원(4)역,16:39:00,
1347,2022-07-31,출입문관련,철산역,20:08:00,
1348,2022-07-31,승강설비관련,사가정역,22:48:00,
1349,2022-07-29,출입문관련,망원역,13:26:00,
1350,2022-07-29,출입문관련,가락시장(8)역,17:21:00,
1351,2022-07-27,발빠짐,철산역,08:20:00,
1352,2022-07-27,출입문관련,건대입구(2)역,07:42:00,
1353,2022-07-27,출입문관련,동대문역사문화공원(5)역,18:35:00,
1354,2022-07-27,출입문관련,고려대역,18:33:00,
1355,2022-07-27,출입문관련,동대문역사문화공원(5)역,18:35:00,
1356,2022-07-26,발빠짐,경복궁(3)역,08:40:00,
1357,2022-07-26,역구내 사고,영등포구청(2)역,17:40:00,
1358,2022-07-25,출입문관련,잠실(2)역,10:58:00,
1359,2022-07-25,출입문관련,대림(7)역,16:59:00,
1360,2022-07-25,출입문관련,불광(3)역,08:24:00,
1361,2022-07-25,출입문관련,연신내(3)역,10:50:00,
1362,2022-07-23,출입문관련,범계역,18:15:00,
1363,2022-07-22,출입문관련,굽은다리역,22:01:00,
1364,2022-07-22,열차내 사고,제기동역,15:28:00,
1365,2022-07-22,열차내 사고,동대문(4)역,07:50:00,
1366,2022-07-21,출입문관련,충무로(4)역,19:00:00,
1367,2022-07-21,출입문관련,영등포구청(5)역,10:21:00,
1368,2022-07-21,출입문관련,고속터미널(3)역,17:36:00,
1369,2022-07-21,역구내 사고,서울대입구역,17:25:00,
1370,2022-07-19,역구내 사고,녹사평역,13:33:00,
1371,2022-07-18,열차내 사고,방배역,17:58:00,
1372,2022-07-16,출입문관련,사당(2)역,20:28:00,
1373,2022-07-16,발빠짐,고속터미널(7)역,16:36:00,
1374,2022-07-15,출입문관련,상록수역,09:45:00,
1375,2022-07-15,승강설비관련,독립문역,09:36:00,
1376,2022-07-15,열차내 사고,보라매역,18:40:00,
1377,2022-07-14,발빠짐,성신여대입구역,10:45:00,
1378,2022-07-14,출입문관련,강동역,08:39:00,
1379,2022-07-14,역구내 사고,홍제역,15:35:00,
1380,2022-07-13,역구내 사고,성수역,15:45:00,
1381,2022-07-13,발빠짐,천호(5)역,22:30:00,
1382,2022-07-13,출입문관련,건대입구(7)역,18:42:00,
1383,2022-07-11,발빠짐,철산역,18:47:00,
1384,2022-07-10,출입문관련,불광(3)역,19:25:00,
1385,2022-07-09,역구내 사고,성수역,21:22:00,
1386,2022-07-08,발빠짐,서울(1)역,20:19:00,
1387,2022-07-08,출입문관련,수리산역,08:25:00,
1388,2022-07-07,발빠짐,신촌역,21:13:00,
1389,2022-07-06,출입문관련,충무로(3)역,12:39:00,
1390,2022-07-05,출입문관련,마포역,17:47:00,
1391,2022-07-05,출입문관련,신당(2)역,08:13:00,
1392,2022-07-04,출입문관련,김포공항(5)역,15:20:00,
1393,2022-07-03,발빠짐,철산역,12:24:00,
1394,2022-07-01,발빠짐,구로디지털단지역,18:19:00,
1395,2022-07-01,열차내 사고,먹골역,08:30:00,
1396,2022-07-01,열차내 사고,여의도역,08:10:00,
1397,2022-07-01,승강설비관련,오금(3)역,18:10:00,
1398,2022-06-30,열차내 사고,교대(2)역,08:50:00,
1399,2022-06-30,역구내 사고,노원(7)역,11:04:00,
1400,2022-06-30,발빠짐,군자(7)역,08:23:00,
1401,2022-06-30,역구내 사고,공릉역,08:16:00,
1402,2022-06-29,열차내 사고,사당(4)역,16:16:00,
1403,2022-06-29,열차내 사고,이촌역,18:15:00,
1404,2022-06-29,출입문관련,신대방역,22:17:00,
1405,2022-06-29,역구내 사고,방배역,16:51:00,
1406,2022-06-28,열차내 사고,광화문역,06:45:00,
1407,2022-06-28,역구내 사고,광화문역,22:20:00,
1408,2022-06-28,역구내 사고,광흥창역,16:30:00,
1409,2022-06-27,열차내 사고,선릉(2)역,18:24:00,
1410,2022-06-27,출입문관련,사당(2)역,14:08:00,
1411,2022-06-27,출입문관련,상일동역,18:15:00,
1412,2022-06-27,열차내 사고,선릉(2)역,18:24:00,
1413,2022-06-27,기타,노원(4)역,15:00:00,
1414,2022-06-25,출입문관련,청량리역,18:26:00,
1415,2022-06-24,발빠짐,동대문역사문화공원(5)역,23:10:00,
1416,2022-06-24,열차내 사고,양재역,08:20:00,
1417,2022-06-23,역구내 사고,건대입구(2)역,00:00:00,
1418,2022-06-23,출입문관련,대청(3)역,19:54:00,
1419,2022-06-23,승강설비관련,학동역,19:09:00,
1420,2022-06-23,출입문관련,상봉역,17:07:00,
1421,2022-06-21,발빠짐,단대오거리역,08:57:00,
1422,2022-06-18,열차내 사고,충정로(5)역,17:17:00,
1423,2022-06-17,발빠짐,동대문역사문화공원(4)역,18:30:00,
1424,2022-06-15,승강설비관련,구산역,17:00:00,
1425,2022-06-14,출입문관련,우장산역,15:56:00,
1426,2022-06-14,출입문관련,봉천역,11:59:00,
1427,2022-06-13,열차내 사고,K4543열차,08:31:00,
1428,2022-06-13,열차내 사고,이태원역,08:31:00,
1429,2022-06-13,발빠짐,성신여대입구역,14:03:00,
1430,2022-06-12,발빠짐,발산역,16:50:00,
1431,2022-06-12,발빠짐,신촌역,14:02:00,
1432,2022-06-11,열차내 사고,도봉산(7)역,20:43:00,
1433,2022-06-10,열차내 사고,군자(7)역,08:14:00,
1434,2022-06-09,발빠짐,동대문역사문화공원(4)역,08:35:00,
1435,2022-06-08,승강설비관련,상도역,11:02:00,
1436,2022-06-08,열차내 사고,천호(8)역,08:30:00,
1437,2022-06-07,발빠짐,충무로(3)역,08:28:00,
1438,2022-06-06,발빠짐,서울(1)역,16:01:00,
1439,2022-06-02,출입문관련,양재역,08:21:00,
1440,2022-06-02,열차내 사고,군자(7)역,08:11:00,
1441,2022-06-02,출입문관련,강동역,07:43:00,
1442,2022-05-31,역구내 사고,신도림(2)역,18:36:00,
1443,2022-05-31,출입문관련,이수(7)역,17:54:00,
1444,2022-05-30,발빠짐,구로디지털단지역,17:23:00,
1445,2022-05-29,승강설비관련,잠실(2)역,17:42:00,
1446,2022-05-26,출입문관련,을지로입구역,17:20:00,
1447,2022-05-25,출입문관련,명동역,19:14:00,
1448,2022-05-25,출입문관련,교대(3)역,19:18:00,
1449,2022-05-25,승강설비관련,대치역,08:06:00,
1450,2022-05-24,역구내 사고,숙대입구역,09:32:00,
1451,2022-05-23,역구내 사고,이촌역,14:58:00,
1452,2022-05-20,열차내 사고,대림(7)역,08:35:00,
1453,2022-05-20,출입문관련,잠실(2)역,21:46:00,
1454,2022-05-20,발빠짐,합정(6)역,18:35:00,
1455,2022-05-18,출입문관련,동대문역사문화공원(4)역,11:34:00,
1456,2022-05-18,역구내 사고,동대문(1)역,10:26:00,
1457,2022-05-17,발빠짐,동대문역사문화공원(4)역,10:55:00,
1458,2022-05-17,출입문관련,천호(5)역,09:35:00,
1459,2022-05-14,출입문관련,산본역,19:53:00,
1460,2022-05-14,승강설비관련,낙성대역,18:33:00,
1461,2022-05-14,발빠짐,신촌역,15:16:00,
1462,2022-05-14,출입문관련,암사역,18:46:00,
1463,2022-05-13,출입문관련,미아사거리역,17:47:00,
1464,2022-05-13,출입문관련,대림(7)역,18:42:00,
1465,2022-05-12,발빠짐,문정역,08:32:00,
1466,2022-05-12,역구내 사고,홍대입구역,00:04:00,
1467,2022-05-12,출입문관련,대림(7)역,17:09:00,
1468,2022-05-11,역구내 사고,굽은다리역,09:06:00,
1469,2022-05-11,역구내 사고,월곡역,17:46:00,
1470,2022-05-11,승강설비관련,방배역,08:53:00,
1471,2022-05-10,발빠짐,강남역,17:23:00,
1472,2022-05-09,발빠짐,성신여대입구역,23:31:00,
1473,2022-05-09,출입문관련,동대문역사문화공원(2)역,12:36:00,
1474,2022-05-09,출입문관련,군자(5)역,08:34:00,
1475,2022-05-08,발빠짐,경찰병원역,21:49:00,
1476,2022-05-07,열차내 사고,시청(1)역,13:45:00,
1477,2022-05-07,출입문관련,동대문(4)역,12:39:00,
1478,2022-05-06,열차내 사고,신도림(2)역,20:41:00,
1479,2022-05-04,출입문관련,대야미역,17:45:00,
1480,2022-05-04,출입문관련,천호(5)역,15:21:00,
1481,2022-05-04,역구내 사고,왕십리(5)역,22:00:00,
1482,2022-05-04,출입문관련,신도림(2)역,16:42:00,
1483,2022-05-04,발빠짐,충정로(2)역,18:30:00,
1484,2022-05-03,역구내 사고,혜화역,16:37:00,
1485,2022-05-03,출입문관련,합정(2)역,08:27:00,
1486,2022-05-02,출입문관련,신림역,09:55:00,
1487,2022-05-02,열차내 사고,쌍문역,07:05:00,
1488,2022-04-30,역구내 사고,마포구청역,13:53:00,
1489,2022-04-29,발빠짐,고속터미널(3)역,17:14:00,
1490,2022-04-28,역구내 사고,사가정역,00:00:00,
1491,2022-04-28,출입문관련,신길역,08:29:00,
1492,2022-04-26,출입문관련,군자(5)역,08:34:00,
1493,2022-04-25,발빠짐,발산역,12:53:00,
1494,2022-04-22,발빠짐,교대(2)역,15:55:00,
1495,2022-04-20,출입문관련,석계(6)역,18:34:00,
1496,2022-04-19,출입문관련,발산역,08:53:00,
1497,2022-04-18,발빠짐,도봉산(7)역,18:46:00,
1498,2022-04-17,출입문관련,복정역,11:58:00,
1499,2022-04-16,발빠짐,동대입구역,18:17:00,
1500,2022-04-16,출입문관련,종로3가(3)역,20:51:00,
1501,2022-04-15,출입문관련,삼성역,08:40:00,
1502,2022-04-15,발빠짐,동대문역사문화공원(4)역,13:32:00,
1503,2022-04-14,역구내 사고,동대문역사문화공원(2)역,08:29:00,
1504,2022-04-14,발빠짐,구로디지털단지역,22:28:00,
1505,2022-04-13,열차내 사고,우장산역,12:15:00,
1506,2022-04-12,열차내 사고,금정역,09:00:00,
1507,2022-04-11,출입문관련,동대문역사문화공원(4)역,16:13:00,
1508,2022-04-09,출입문관련,사당(4)역,17:44:00,
1509,2022-04-09,역구내 사고,사당(2)역,06:47:00,
1510,2022-04-09,출입문관련,영등포역,05:35:00,
1511,2022-04-09,역구내 사고,중화역,22:10:00,
1512,2022-04-09,역구내 사고,신도림(2)역,15:46:00,
1513,2022-04-07,역구내 사고,가락시장(8)역,21:21:00,
1514,2022-04-07,출입문관련,노원(4)역,07:30:00,
1515,2022-04-07,열차내 사고,신도림(2)역,21:31:00,
1516,2022-04-07,출입문관련,충무로(3)역,07:42:00,
1517,2022-04-05,기타,노원(4)역,07:26:00,
1518,2022-04-05,출입문관련,뚝섬역,12:34:00,
1519,2022-04-02,출입문관련,고속터미널(3)역,14:32:00,
1520,2022-04-02,발빠짐,동대문역사문화공원(4)역,19:36:00,
1521,2022-04-01,역구내 사고,몽촌토성역,12:55:00,
1522,2022-04-01,출입문관련,하남검단산역,06:53:00,
1523,2022-03-31,출입문관련,일원역,14:57:00,
1524,2022-03-31,발빠짐,충무로(3)역,16:34:00,
1525,2022-03-30,열차내 사고,회현역,11:03:00,
1526,2022-03-29,역구내 사고,어린이대공원역,16:20:00,
1527,2022-03-29,열차내 사고,쌍문역,08:40:00,
1528,2022-03-28,발빠짐,충무로(3)역,09:00:00,
1529,2022-03-28,출입문관련,삼성역,08:15:00,
1530,2022-03-28,열차내 사고,서울(1)역,19:02:00,
1531,2022-03-27,역구내 사고,잠실(2)역,11:15:00,
1532,2022-03-26,역구내 사고,을지로입구역,15:38:00,
1533,2022-03-25,역구내 사고,구로디지털단지역,22:29:00,
1534,2022-03-25,역구내 사고,구로디지털단지역,22:29:00,
1535,2022-03-25,출입문관련,신정네거리역,08:10:00,
1536,2022-03-24,발빠짐,신림역,18:00:00,
1537,2022-03-24,역구내 사고,구파발(3)역,07:45:00,
1538,2022-03-23,역구내 사고,경복궁(3)역,14:19:00,
1539,2022-03-22,열차내 사고,역삼역,17:40:00,
1540,2022-03-22,출입문관련,동대문역사문화공원(2)역,09:10:00,
1541,2022-03-22,출입문관련,구의역,22:11:00,
1542,2022-03-21,역구내 사고,합정(2)역,13:40:00,
1543,2022-03-16,발빠짐,시청(2)역,18:30:00,
1544,2022-03-14,열차내 사고,수유역,18:16:00,
1545,2022-03-13,역구내 사고,신당(6)역,08:20:00,
1546,2022-03-11,출입문관련,을지로4가(2)역,18:52:00,
1547,2022-03-08,승강설비관련,수락산역,16:05:00,
1548,2022-03-07,출입문관련,양재역,08:42:00,
1549,2022-03-07,발빠짐,합정(6)역,08:15:00,
1550,2022-03-05,출입문관련,둔촌역,13:26:00,
1551,2022-03-04,출입문관련,신사역,10:18:00,
1552,2022-03-02,승강설비관련,상봉역,18:10:00,
1553,2022-02-25,역구내 사고,약수(3)역,07:55:00,
1554,2022-02-24,역구내 사고,남태령역,23:16:00,
1555,2022-02-23,발빠짐,신길역,11:42:00,
1556,2022-02-23,역구내 사고,구로디지털단지역,11:06:00,
1557,2022-02-20,출입문관련,가산디지털단지(7)역,17:20:00,
1558,2022-02-19,열차내 사고,서울(1)역,17:43:00,
1559,2022-02-17,출입문관련,사당(4)역,19:06:00,
1560,2022-02-15,열차내 사고,혜화역,19:05:00,
1561,2022-02-14,역구내 사고,종로3가(3)역,21:05:00,
1562,2022-02-14,승강설비관련,영등포구청(5)역,15:16:00,
1563,2022-02-11,역구내 사고,잠실(2)역,08:15:00,
1564,2022-02-09,역구내 사고,잠실(2)역,16:44:00,
1565,2022-02-08,열차내 사고,노량진(1)역,17:58:00,
1566,2022-02-08,역구내 사고,강남역,14:02:00,
1567,2022-02-07,열차내 사고,한성대입구역,10:05:00,
1568,2022-02-07,출입문관련,수유역,19:05:00,
1569,2022-02-05,역구내 사고,연신내(3)역,15:40:00,
1570,2022-02-05,출입문관련,서울대입구역,16:55:00,
1571,2022-02-05,출입문관련,군자(5)역,16:35:00,
1572,2022-02-01,역구내 사고,안암역,07:10:00,
1573,2022-01-30,승강설비관련,종로3가(3)역,09:06:00,
1574,2022-01-29,출입문관련,이수(7)역,17:08:00,
1575,2022-01-28,출입문관련,가락시장(3)역,07:32:00,
1576,2022-01-28,열차내 사고,오금(3)역,11:30:00,
1577,2022-01-28,출입문관련,충무로(4)역,15:52:00,
1578,2022-01-28,출입문관련,동대문역사문화공원(4)역,13:35:00,
1579,2022-01-27,열차내 사고,동대문역사문화공원(2)역,14:30:00,
1580,2022-01-26,승강설비관련,청량리역,11:55:00,
1581,2022-01-25,열차내 사고,까치산(5)역,21:16:00,
1582,2022-01-23,역구내 사고,삼각지(6)역,14:30:00,
1583,2022-01-23,발빠짐,을지로3가(2)역,14:51:00,
1584,2022-01-22,출입문관련,숙대입구역,11:50:00,
1585,2022-01-22,열차내 사고,상도역,13:27:00,
1586,2022-01-21,역구내 사고,잠실나,21:40:00,
1587,2022-01-21,역구내 사고,월드컵경기장역,16:01:00,
1588,2022-01-21,역구내 사고,동대문(1)역,13:00:00,
1589,2022-01-21,역구내 사고,회현역,14:06:00,
1590,2022-01-21,발빠짐,동대문역사문화공원(4)역,07:28:00,
1591,2022-01-20,역구내 사고,종로3가(3)역,14:15:00,
1592,2022-01-19,역구내 사고,구산역,16:25:00,
1593,2022-01-19,역구내 사고,낙성대역,10:07:00,
1594,2022-01-19,역구내 사고,노원(7)역,10:25:00,
1595,2022-01-19,열차내 사고,월곡역,16:06:00,
1596,2022-01-19,역구내 사고,청량리역,13:40:00,
1597,2022-01-18,출입문관련,선릉(2)역,19:12:00,
1598,2022-01-17,출입문관련,잠실(2)역,22:26:00,
1599,2022-01-17,출입문관련,이수(4)역,12:41:00,
1600,2022-01-15,역구내 사고,장지역,16:52:00,
1601,2022-01-14,출입문관련,수유역,10:29:00,
1602,2022-01-13,승강설비관련,미사역,09:53:00,
1603,2022-01-13,발빠짐,경복궁(3)역,08:53:00,
1604,2022-01-11,열차내 사고,석계(1)역,18:45:00,
1605,2022-01-07,역구내 사고,장한평역,11:00:00,
1606,2022-01-06,출입문관련,충무로(3)역,08:03:00,
1607,2022-01-03,승강설비관련,방화역,08:29:00,
1608,2022-01-02,열차내 사고,신도림(1)역,09:50:00,
1609,2021-12-30,승강설비관련,동대문(4)역,15:32:00,
1610,2021-12-29,발빠짐,압구정역,12:33:00,
1611,2021-12-27,역구내 사고,회현역,17:40:00,
1612,2021-12-26,기타,창동역,00:00:00,
1613,2021-12-26,승강설비관련,서울대입구역,13:58:00,
1614,2021-12-25,역구내 사고,홍대입구역,18:04:00,
1615,2021-12-24,열차내 사고,신도림(2)역,08:10:00,
1616,2021-12-22,출입문관련,동대문역사문화공원(2)역,08:34:00,
1617,2021-12-20,출입문관련,남부터미널역,14:52:00,
1618,2021-12-20,역구내 사고,신설동(1)역,08:45:00,
1619,2021-12-19,승강설비관련,동대문역사문화공원(4)역,18:23:00,
1620,2021-12-19,역구내 사고,미사역,07:46:00,
1621,2021-12-18,역구내 사고,교대(3)역,22:30:00,
1622,2021-12-17,출입문관련,구로디지털단지역,17:25:00,
1623,2021-12-14,발빠짐,신금호역,17:30:00,
1624,2021-12-13,열차내 사고,신이문역,10:35:00,
1625,2021-12-10,승강설비관련,상도역,13:02:00,
1626,2021-12-09,출입문관련,미아사거리역,17:10:00,
1627,2021-12-07,출입문관련,가락시장(8)역,12:06:00,
1628,2021-12-04,출입문관련,강남역,10:48:00,
1629,2021-12-04,발빠짐,연신내(6)역,12:03:00,
1630,2021-12-03,출입문관련,굽은다리역,16:13:00,
1631,2021-12-03,역구내 사고,교대(3)역,10:04:00,
1632,2021-12-02,출입문관련,개롱역,08:22:00,
1633,2021-11-30,발빠짐,천왕역,09:32:00,
1634,2021-11-30,기타,상계역,07:20:00,
1635,2021-11-29,발빠짐,사당(2)역,08:23:00,
1636,2021-11-27,역구내 사고,봉천역,21:00:00,
1637,2021-11-26,승강설비관련,상동역,19:19:00,
1638,2021-11-26,출입문관련,교대(3)역,21:33:00,
1639,2021-11-26,출입문관련,안양역,09:15:00,
1640,2021-11-24,열차내 사고,이수(7)역,08:19:00,
1641,2021-11-23,열차내 사고,동대문역사문화공원(4)역,14:35:00,
1642,2021-11-20,출입문관련,올림픽공원역,15:35:00,
1643,2021-11-17,열차내 사고,동묘앞(1)역,18:35:00,
1644,2021-11-17,열차내 사고,동묘앞(1)역,18:35:00,
1645,2021-11-17,역구내 사고,강동역,17:30:00,
1646,2021-11-15,출입문관련,동대문(1)역,22:22:00,
1647,2021-11-14,출입문관련,신금호역,17:56:00,
1648,2021-11-14,승강설비관련,잠실새내역,18:04:00,
1649,2021-11-13,출입문관련,강동역,20:17:00,
1650,2021-11-12,열차내 사고,방배역,08:44:00,
1651,2021-11-10,승강설비관련,성신여대입구역,12:47:00,
1652,2021-11-09,출입문관련,홍대입구역,19:55:00,
1653,2021-11-09,역구내 사고,장한평역,12:57:00,
1654,2021-11-09,역구내 사고,먹골역,10:19:00,
1655,2021-11-08,역구내 사고,신림역,08:13:00,
1656,2021-11-06,발빠짐,이수(4)역,19:52:00,
1657,2021-11-05,역구내 사고,서울대입구역,12:00:00,
1658,2021-11-05,역구내 사고,연신내(6)역,21:44:00,
1659,2021-11-05,출입문관련,대화역,13:44:00,
1660,2021-11-05,출입문관련,교대(2)역,13:50:00,
1661,2021-11-04,역구내 사고,쌍문역,16:04:00,
1662,2021-11-03,발빠짐,성신여대입구역,16:04:00,
1663,2021-11-02,열차내 사고,구로디지털단지역,08:30:00,
1664,2021-11-02,출입문관련,고속터미널(7)역,10:16:00,
1665,2021-11-02,출입문관련,성신여대입구역,12:01:00,
1666,2021-11-02,출입문관련,창동역,08:39:00,
1667,2021-11-02,출입문관련,종로3가(5)역,22:34:00,
1668,2021-11-01,출입문관련,고속터미널(3)역,18:30:00,
1669,2021-11-01,발빠짐,동대문역사문화공원(5)역,21:37:00,
1670,2021-10-30,출입문관련,경복궁역 ,15:03:00,
1671,2021-10-30,출입문관련,경복궁역 ,15:03:00,
1672,2021-10-30,출입문관련,강남역,16:26:00,
1673,2021-10-30,출입문관련,부평(1)역,19:06:00,
1674,2021-10-28,출입문관련,강남구청역,16:35:00,
1675,2021-10-28,역구내 사고,신풍역,06:48:00,
1676,2021-10-26,열차내 사고,열차내,16:30:00,
1677,2021-10-26,출입문관련,동대문역사문화공원(4)역,20:56:00,
1678,2021-10-25,출입문관련,수유역,07:39:00,
1679,2021-10-25,출입문관련,독립문역,18:03:00,
1680,2021-10-23,출입문관련,사당(2)역,18:05:00,
1681,2021-10-22,출입문관련,신설동(1)역,16:06:00,
1682,2021-10-22,출입문관련,태릉입구(7)역,11:37:00,
1683,2021-10-22,출입문관련,가락시장(3)역,08:39:00,
1684,2021-10-21,승강설비관련,고속터미널(7)역,07:55:00,
1685,2021-10-21,열차내 사고,방배역,09:40:00,
1686,2021-10-20,출입문관련,당고개역,17:43:00,
1687,2021-10-20,발빠짐,공릉역,07:48:00,
1688,2021-10-20,열차내 사고,봉화산역,10:45:00,
1689,2021-10-19,출입문관련,시청(2)역,07:34:00,
1690,2021-10-18,역구내 사고,하계역,09:25:00,
1691,2021-10-18,승강설비관련,사당(4)역,21:35:00,
1692,2021-10-15,승강설비관련,삼각지(6)역,08:28:00,
1693,2021-10-15,열차내 사고,서울대입구역,17:00:00,
1694,2021-10-15,역구내 사고,이수(7)역,17:10:00,
1695,2021-10-14,출입문관련,역삼역,08:40:00,
1696,2021-10-13,발빠짐,경찰병원역,16:48:00,
1697,2021-10-13,역구내 사고,고속터미널(3)역,20:50:00,
1698,2021-10-13,출입문관련,논현역,09:02:00,
1699,2021-10-12,열차내 사고,신도림(2)역,07:58:00,
1700,2021-10-11,기타,수락산역,09:40:00,
1701,2021-10-11,기타,수락산역,09:40:00,
1702,2021-10-09,역구내 사고,종로3가(3)역,07:00:00,
1703,2021-10-08,발빠짐,신촌역,15:43:00,
1704,2021-10-08,발빠짐,방배역,19:02:00,
1705,2021-10-08,출입문관련,문정역,07:31:00,
1706,2021-10-08,출입문관련,건대입구(2)역,20:10:00,
1707,2021-10-08,역구내 사고,성수역,10:35:00,
1708,2021-10-07,역구내 사고,노원(7)역,12:52:00,
1709,2021-10-07,역구내 사고,을지로4가역,13:25:00,
1710,2021-10-06,발빠짐,동대문(1)역,17:04:00,
1711,2021-10-03,출입문관련,우장산역,16:18:00,
1712,2021-10-01,역구내 사고,잠실(8)역,11:44:00,
1713,2021-09-29,출입문관련,오이도역,07:57:00,
1714,2021-09-29,승강설비관련,신당(2)역,08:25:00,
1715,2021-09-28,발빠짐,압구정역,18:13:00,
1716,2021-09-28,출입문관련,신사역,15:14:00,
1717,2021-09-28,출입문관련,창동역,09:08:00,
1718,2021-09-28,출입문관련,광나루역,12:08:00,
1719,2021-09-28,역구내 사고,강남역,09:15:00,
1720,2021-09-27,출입문관련,종로3가(3)역,08:32:00,
1721,2021-09-27,출입문관련,미아사거리역,13:11:00,
1722,2021-09-27,열차내 사고,도봉산(7)역,19:33:00,
1723,2021-09-25,발빠짐,신촌역,12:17:00,
1724,2021-09-24,기타,뚝섬역,01:30:00,
1725,2021-09-23,출입문관련,천호(5)역,10:02:00,
1726,2021-09-18,역구내 사고,선릉(2)역,18:57:00,
1727,2021-09-16,출입문관련,목동역,12:29:00,
1728,2021-09-16,출입문관련,미아사거리역,10:09:00,
1729,2021-09-15,출입문관련,충무로(4)역,10:22:00,
1730,2021-09-15,출입문관련,금정역,08:15:00,
1731,2021-09-15,출입문관련,동대문역사문화공원(4)역,09:45:00,
1732,2021-09-14,열차내 사고,어린이대공원역,08:26:00,
1733,2021-09-14,발빠짐,연신내(6)역,15:27:00,
1734,2021-09-14,출입문관련,회현역,17:04:00,
1735,2021-09-14,출입문관련,경복궁역 ,11:04:00,
1736,2021-09-14,출입문관련,인덕원역,19:05:00,
1737,2021-09-10,출입문관련,고속터미널(7)역,09:58:00,
1738,2021-09-08,열차내 사고,사당(2)역,18:56:00,
1739,2021-09-08,열차내 사고,방배역,18:57:00,
1740,2021-09-07,열차내 사고,영등포구청(2)역,14:47:00,
1741,2021-09-07,역구내 사고,구의역,10:04:00,
1742,2021-09-07,역구내 사고,구로디지털단지역,18:20:00,
1743,2021-09-07,역구내 사고,춘의역,07:22:00,
1744,2021-09-07,출입문관련,상일동역,19:34:00,
1745,2021-09-04,출입문관련,교대(3)역,13:17:00,
1746,2021-09-03,출입문관련,김포공항(5)역,16:47:00,
1747,2021-09-03,역구내 사고,아현역,17:33:00,
1748,2021-09-01,발빠짐,서울(1)역,08:07:00,
1749,2021-09-01,열차내 사고,방배역,18:21:00,
1750,2021-08-31,역구내 사고,신도림(2)역,16:56:00,
1751,2021-08-31,출입문관련,신사역,09:15:00,
1752,2021-08-31,발빠짐,고속터미널(7)역,18:23:00,
1753,2021-08-30,출입문관련,까치산(5)역,18:37:00,
1754,2021-08-30,열차내 사고,구일역,08:28:00,
1755,2021-08-29,발빠짐,고속터미널(7)역,17:20:00,
1756,2021-08-27,발빠짐,동대문역사문화공원(4)역,08:44:00,
1757,2021-08-27,출입문관련,양재역,15:05:00,
1758,2021-08-26,발빠짐,압구정역,15:30:00,
1759,2021-08-24,열차내 사고,동묘앞(1)역,07:32:00,
1760,2021-08-24,역구내 사고,회현역,16:00:00,
1761,2021-08-21,역구내 사고,삼산체육관역,09:25:00,
1762,2021-08-21,열차내 사고,당고개역,13:51:00,
1763,2021-08-19,발빠짐,동대문역사문화공원(4)역,05:53:00,
1764,2021-08-15,출입문관련,미아사거리역,10:34:00,
1765,2021-08-14,출입문관련,한성대입구역,14:00:00,
1766,2021-08-13,역구내 사고,사당(2)역,14:31:00,
1767,2021-08-12,출입문관련,잠실(2)역,18:14:00,
1768,2021-08-12,역구내 사고,성수역,18:05:00,
1769,2021-08-11,기타,구의역,08:50:00,
1770,2021-08-10,발빠짐,압구정역,16:37:00,
1771,2021-08-09,출입문관련,창동역,18:14:00,
1772,2021-08-08,출입문관련,상일동역,11:07:00,
1773,2021-08-08,출입문관련,장지역,13:21:00,
1774,2021-08-07,승강설비관련,가락시장(3)역,06:31:00,
1775,2021-08-06,발빠짐,신촌역,17:34:00,
1776,2021-08-06,역구내 사고,영등포구청(5)역,08:20:00,
1777,2021-08-05,발빠짐,서울(1)역,18:23:00,
1778,2021-08-04,출입문관련,공덕(5)역,17:00:00,
1779,2021-08-02,출입문관련,수유역,11:27:00,
1780,2021-08-02,열차내 사고,신길역,08:14:00,
1781,2021-07-31,역구내 사고,화랑대역,06:52:00,
1782,2021-07-29,출입문관련,신설동(1)역,19:43:00,
1783,2021-07-29,열차내 사고,송파역,17:16:00,
1784,2021-07-29,역구내 사고,신대방삼거리역,08:58:00,
1785,2021-07-28,발빠짐,연신내(6)역,15:11:00,
1786,2021-07-28,출입문관련,구의역,08:34:00,
1787,2021-07-24,승강설비관련,교대(2)역,17:07:00,
1788,2021-07-22,열차내 사고,까치울역,10:06:00,
1789,2021-07-19,출입문관련,군자(5)역,08:14:00,
1790,2021-07-18,역구내 사고,합정(2)역,05:38:00,
1791,2021-07-16,역구내 사고,제기동역,16:36:00,
1792,2021-07-16,역구내 사고,신도림(2)역,08:14:00,
1793,2021-07-13,출입문관련,구파발(3)역,21:25:00,
1794,2021-07-09,열차내 사고,영등포구청(2)역,18:55:00,
1795,2021-07-09,발빠짐,서울(1)역,16:05:00,
1796,2021-07-09,열차내 사고,문래역,18:40:00,
1797,2021-07-09,발빠짐,아현역,16:28:00,
1798,2021-07-09,열차내 사고,영등포구청(2)역,18:35:00,
1799,2021-07-09,역구내 사고,제기동역,15:45:00,
1800,2021-07-08,열차내 사고,수락산역,08:37:00,
1801,2021-07-07,역구내 사고,서울(4)역,15:37:00,
1802,2021-07-05,출입문관련,강남역,07:45:00,
1803,2021-07-04,역구내 사고,봉천역,13:46:00,
1804,2021-07-02,발빠짐,동대문역사문화공원(4)역,08:20:00,
1805,2021-06-30,역구내 사고,태릉입구(6)역,13:21:00,
1806,2021-06-28,출입문관련,하남풍산역,16:11:00,
1807,2021-06-28,출입문관련,산본역,17:41:00,
1808,2021-06-27,발빠짐,구로디지털단지역,11:33:00,
1809,2021-06-27,역구내 사고,경복궁역 ,19:59:00,
1810,2021-06-26,출입문관련,사당(2)역,17:35:00,
1811,2021-06-26,출입문관련,사당(4)역,18:53:00,
1812,2021-06-25,출입문관련,교대(3)역,18:27:00,
1813,2021-06-21,출입문관련,상계역,18:17:00,
1814,2021-06-21,출입문관련,홍대입구역,17:55:00,
1815,2021-06-18,출입문관련,천호(5)역,18:50:00,
1816,2021-06-18,승강설비관련,신림역,08:20:00,
1817,2021-06-17,역구내 사고,길음역,12:37:00,
1818,2021-06-17,출입문관련,방화역,15:00:00,
1819,2021-06-15,역구내 사고,상동역,07:52:00,
1820,2021-06-14,승강설비관련,합정(6)역,08:03:00,
1821,2021-06-12,출입문관련,강남역,13:56:00,
1822,2021-06-10,출입문관련,교대(2)역,19:29:00,
1823,2021-06-10,발빠짐,회현역,18:57:00,
1824,2021-06-10,열차내 사고,단대오거리역,07:45:00,
1825,2021-06-10,출입문관련,교대(3)역,18:55:00,
1826,2021-06-07,발빠짐,이수(7)역,08:08:00,
1827,2021-06-06,역구내 사고,천왕역,07:58:00,
1828,2021-06-06,발빠짐,목동역,21:48:00,
1829,2021-06-06,기타,동작역,13:00:00,
1830,2021-06-03,역구내 사고,신정네거리역,00:05:00,
1831,2021-06-03,승강설비관련,상동역,14:18:00,
1832,2021-06-02,출입문관련,미아역,22:28:00,
1833,2021-06-02,승강설비관련,오금(3)역,09:08:00,
1834,2021-06-01,출입문관련,종로3가(5)역,14:45:00,
1835,2021-05-31,역구내 사고,종로5가역,12:07:00,
1836,2021-05-31,출입문관련,동묘앞(1)역,19:14:00,
1837,2021-05-29,발빠짐,고속터미널(7)역,12:07:00,
1838,2021-05-28,열차내 사고,앙재역,07:50:00,
1839,2021-05-28,열차내 사고,사당(4)역,07:50:00,
1840,2021-05-28,열차내 사고,구파발(3)역,08:30:00,
1841,2021-05-28,역구내 사고,성신여대입구역,09:32:00,
1842,2021-05-28,열차내 사고,녹번역,08:03:00,
1843,2021-05-28,출입문관련,종로5가역,08:40:00,
1844,2021-05-27,발빠짐,보문역,08:21:00,
1845,2021-05-27,출입문관련,공덕(5)역,18:47:00,
1846,2021-05-27,역구내 사고,왕십리(2)역,22:19:00,
1847,2021-05-26,출입문관련,명동역,14:38:00,
1848,2021-05-26,출입문관련,건대입구(7)역,17:30:00,
1849,2021-05-26,출입문관련,서울(4)역,17:48:00,
1850,2021-05-26,발빠짐,응암역,09:46:00,
1851,2021-05-24,출입문관련,동대문역사문화공원(4)역,18:37:00,
1852,2021-05-24,열차내 사고,당산(2)역,21:55:00,
1853,2021-05-22,열차내 사고,고속터미널(3)역,16:00:00,
1854,2021-05-21,역구내 사고,고속터미널(3)역,20:55:00,
1855,2021-05-20,출입문관련,발산역,17:36:00,
1856,2021-05-18,열차내 사고,청량리역,12:11:00,
1857,2021-05-15,출입문관련,잠실(2)역,12:29:00,
1858,2021-05-15,발빠짐,회현역,13:16:00,
1859,2021-05-14,역구내 사고,당산(2)역,21:41:00,
1860,2021-05-12,출입문관련,미아사거리역,07:52:00,
1861,2021-05-11,발빠짐,신길역,09:53:00,
1862,2021-05-10,출입문관련,사당(2)역,18:38:00,
1863,2021-05-10,열차내 사고,동대문(4)역,10:37:00,
1864,2021-05-10,열차내 사고,군자(7)역,08:25:00,
1865,2021-05-08,출입문관련,창동역,11:17:00,
1866,2021-05-04,발빠짐,동대문역사문화공원(4)역,08:44:00,
1867,2021-05-03,출입문관련,광명사거리역,18:13:00,
1868,2021-05-03,열차내 사고,건대입구(2)역,16:13:00,
1869,2021-05-02,출입문관련,영등포시장역,14:31:00,
1870,2021-04-30,승강설비관련,종로3가(3)역,14:06:00,
1871,2021-04-30,열차내 사고,신당(2)역,21:30:00,
1872,2021-04-30,열차내 사고,대화역,14:00:00,
1873,2021-04-29,역구내 사고,광화문역,09:25:00,
1874,2021-04-23,출입문관련,동대문역사문화공원(5)역,17:56:00,
1875,2021-04-22,출입문관련,회현역,18:50:00,
1876,2021-04-21,열차내 사고,합정(2)역,09:57:00,
1877,2021-04-20,출입문관련,용마산역,21:08:00,
1878,2021-04-20,출입문관련,양재역,18:06:00,
1879,2021-04-19,발빠짐,충무로(3)역,08:57:00,
1880,2021-04-17,출입문관련,혜화역,11:08:00,
1881,2021-04-14,열차내 사고,청량리역,16:30:00,
1882,2021-04-13,열차내 사고,강일역,07:54:00,
1883,2021-04-12,출입문관련,잠실(8)역,17:39:00,
1884,2021-04-12,역구내 사고,잠원역,22:00:00,
1885,2021-04-12,승강설비관련,천호(5)역,14:19:00,
1886,2021-04-11,출입문관련,혜화역,12:21:00,
1887,2021-04-09,출입문관련,신도림(2)역,12:44:00,
1888,2021-04-08,열차내 사고,화곡역,16:22:00,
1889,2021-04-08,출입문관련,대림(7)역,09:42:00,
1890,2021-04-08,열차내 사고,고속터미널(7)역,08:25:00,
1891,2021-04-07,출입문관련,여의도역,18:21:00,
1892,2021-04-06,출입문관련,건대입구(7)역,07:57:00,
1893,2021-04-05,역구내 사고,창동역,09:50:00,
1894,2021-04-05,출입문관련,노원(4)역,09:33:00,
1895,2021-04-05,열차내 사고,공릉역,08:27:00,
1896,2021-04-05,출입문관련,신도림(2)역,14:16:00,
1897,2021-04-01,열차내 사고,종로5가역,07:09:00,
1898,2021-04-01,승강설비관련,신도림(2)역,10:59:00,
1899,2021-04-01,승강설비관련,신도림(2)역,10:59:00,
1900,2021-04-01,출입문관련,제기동역,14:22:00,
1901,2021-04-01,승강설비관련,신도림(2)역,10:49:00,
1902,2021-03-31,출입문관련,목동역,09:26:00,
1903,2021-03-31,출입문관련,을지로3가(2)역,15:11:00,
1904,2021-03-29,출입문관련,주안역,16:45:00,
1905,2021-03-29,출입문관련,상도역,17:37:00,
1906,2021-03-27,열차내 사고,신도림(2)역,15:50:00,
1907,2021-03-27,역구내 사고,새절역,22:57:00,
1908,2021-03-26,역구내 사고,영등포시장역,08:50:00,
1909,2021-03-23,역구내 사고,사당(4)역,08:30:00,
1910,2021-03-23,출입문관련,어린이대공원역,13:58:00,
1911,2021-03-20,출입문관련,신림역,18:27:00,
1912,2021-03-19,출입문관련,신도림(2)역,16:25:00,
1913,2021-03-18,역구내 사고,상계역,13:30:00,
1914,2021-03-17,출입문관련,군자(7)역,09:51:00,
1915,2021-03-15,발빠짐,을지로4가역,08:26:00,
1916,2021-03-15,출입문관련,쌍문역,13:29:00,
1917,2021-03-10,출입문관련,신당(2)역,16:30:00,
1918,2021-03-09,발빠짐,신당(2)역,08:35:00,
1919,2021-03-09,역구내 사고,상동역,17:55:00,
1920,2021-03-09,역구내 사고,상동역,18:00:00,
1921,2021-03-06,역구내 사고,구로디지털단지역,18:30:00,
1922,2021-03-05,열차내 사고,방배역,18:40:00,
1923,2021-03-05,열차내 사고,신도림(2)역,18:30:00,
1924,2021-03-05,열차내 사고,신도림(2)역,18:30:00,
1925,2021-03-05,열차내 사고,신림역,18:40:00,
1926,2021-03-04,발빠짐,신대방역,16:20:00,
1927,2021-03-03,역구내 사고,삼성역,07:06:00,
1928,2021-03-03,출입문관련,범계역,16:26:00,
1929,2021-02-26,역구내 사고,까치산(5)역,13:20:00,
1930,2021-02-25,발빠짐,양천구청역,07:43:00,
1931,2021-02-25,출입문관련,불광(3)역,19:23:00,
1932,2021-02-25,출입문관련,교대(3)역,16:57:00,
1933,2021-02-22,역구내 사고,제기동역,21:33:00,
1934,2021-02-21,역구내 사고,중화역,11:38:00,
1935,2021-02-18,출입문관련,충무로(3)역,14:16:00,
1936,2021-02-18,발빠짐,군자(7)역,08:43:00,
1937,2021-02-18,열차내 사고,광화문역,18:22:00,
1938,2021-02-18,승강설비관련,충무로(3)역,10:10:00,
1939,2021-02-16,열차내 사고,충정로(2)역,08:45:00,
1940,2021-02-16,출입문관련,잠실(2)역,22:08:00,
1941,2021-02-13,역구내 사고,경복궁역 ,10:55:00,
1942,2021-02-10,승강설비관련,오금(3)역,21:49:00,
1943,2021-02-09,승강설비관련,신대방삼거리역,16:41:00,
1944,2021-02-09,열차내 사고,신림역,18:29:00,
1945,2021-02-09,열차내 사고,사당(2)역,18:29:00,
1946,2021-02-08,역구내 사고,독바위역,12:40:00,
1947,2021-02-06,역구내 사고,성수역,15:41:00,
1948,2021-02-04,역구내 사고,잠원역,15:10:00,
1949,2021-02-03,출입문관련,수유역,17:38:00,
1950,2021-02-03,열차내 사고,천호(5)역,21:40:00,
1951,2021-02-03,출입문관련,신이문역,18:04:00,
1952,2021-02-03,열차내 사고,길동역,18:38:00,
1953,2021-02-01,출입문관련,숙대입구역,14:27:00,
1954,2021-01-30,발빠짐,신길역,18:15:00,
1955,2021-01-29,출입문관련,신도림(1)역,19:45:00,
1956,2021-01-29,역구내 사고,구로디지털단지역,15:30:00,
1957,2021-01-29,열차내 사고,온수(7)역,15:25:00,
1958,2021-01-28,역구내 사고,연신내(3)역,11:10:00,
1959,2021-01-28,역구내 사고,화랑대역,16:15:00,
1960,2021-01-28,발빠짐,이수(7)역,08:18:00,
1961,2021-01-26,출입문관련,명일역,19:29:00,
1962,2021-01-26,출입문관련,명일역,19:29:00,
1963,2021-01-21,역구내 사고,길음역,14:51:00,
1964,2021-01-21,역구내 사고,한성대입구역,22:40:00,
1965,2021-01-21,역구내 사고,사당(4)역,16:44:00,
1966,2021-01-20,승강설비관련,애오개역,06:34:00,
1967,2021-01-20,열차내 사고,청량리역,16:30:00,
1968,2021-01-18,출입문관련,굽은다리역,21:03:00,
1969,2021-01-18,역구내 사고,면목역,14:52:00,
1970,2021-01-16,발빠짐,동작역,12:16:00,
1971,2021-01-13,역구내 사고,을지로3가(3)역,13:00:00,
1972,2021-01-13,열차내 사고,홍대입구역,12:45:00,
1973,2021-01-13,승강설비관련,모란역,10:40:00,
1974,2021-01-13,역구내 사고,충정로(2)역,07:40:00,
1975,2021-01-13,역구내 사고,광화문역,08:54:00,
1976,2021-01-13,역구내 사고,신사역,09:45:00,
1977,2021-01-13,역구내 사고,논현역,10:35:00,
1978,2021-01-12,역구내 사고,문래역,19:55:00,
1979,2021-01-12,역구내 사고,공덕(5)역,08:45:00,
1980,2021-01-12,출입문관련,서울(4)역,16:40:00,
1981,2021-01-12,역구내 사고,잠실나루역,21:36:00,
1982,2021-01-12,기타,숭실대입구역,11:20:00,
1983,2021-01-11,역구내 사고,역삼역,19:43:00,
1984,2021-01-11,발빠짐,강남역,18:35:00,
1985,2021-01-11,발빠짐,동대문역사문화공원(2)역,14:16:00,
1986,2021-01-10,역구내 사고,창동역,08:40:00,
1987,2021-01-10,역구내 사고,수유역,14:30:00,
1988,2021-01-09,기타,암사역,15:06:00,
1989,2021-01-08,역구내 사고,신림역,14:04:00,
1990,2021-01-08,발빠짐,경복궁역 ,08:27:00,
1991,2021-01-07,역구내 사고,불광(6)역,08:00:00,
1992,2021-01-07,역구내 사고,미아역,09:08:00,
1993,2021-01-07,승강설비관련,방배역,21:20:00,
1994,2021-01-07,승강설비관련,충무로(4)역,11:27:00,
1995,2021-01-07,열차내 사고,태릉입구(6)역,14:09:00,
1996,2021-01-07,기타,수락산역,08:00:00,
1997,2021-01-07,역구내 사고,사당(2)역,09:08:00,
1998,2021-01-06,열차내 사고,강남역,19:20:00,
1999,2021-01-05,출입문관련,대림(7)역,07:27:00,
2000,2021-01-04,출입문관련,몽촌토성역,18:22:00,
2001,2021-01-03,역구내 사고,사당(4)역,10:30:00,
2002,2021-01-02,역구내 사고,합정(2)역,08:00:00,
2003,2021-01-02,역구내 사고,교대(3)역,16:30:00,
2004,2020-12-31,역구내 사고,동작역,08:11:00,
2005,2020-12-30,출입문관련,도곡역,16:17:00,
2006,2020-12-29,열차내 사고,면목역,12:35:00,
2007,2020-12-24,열차내 사고,충무로(3)역,08:20:00,
2008,2020-12-21,역구내 사고,광명사거리역,11:08:00,
2009,2020-12-18,출입문관련,부천역,17:15:00,
2010,2020-12-15,승강설비관련,쌍문역,15:46:00,
2011,2020-12-15,발빠짐,동대문역사문화공원(5)역,15:58:00,
2012,2020-12-14,역구내 사고,홍대입구역,00:02:00,
2013,2020-12-11,승강설비관련,미아사거리역,15:35:00,
2014,2020-12-08,승강설비관련,구로디지털단지역,11:29:00,
2015,2020-12-07,발빠짐,이수(7)역,08:30:00,
2016,2020-12-04,출입문관련,건대입구(7)역,17:11:00,
2017,2020-12-04,역구내 사고,충무로(4)역,13:55:00,
2018,2020-12-02,열차내 사고,신설동(1)역,15:10:00,
2019,2020-11-30,열차내 사고,안양역,09:50:00,
2020,2020-11-30,출입문관련,을지로4가역,16:09:00,
2021,2020-11-30,역구내 사고,길음역,07:38:00,
2022,2020-11-30,열차내 사고,대화역,14:00:00,
2023,2020-11-30,열차내 사고,사당(2)역,08:29:00,
2024,2020-11-27,출입문관련,을지로입구역,12:53:00,
2025,2020-11-27,열차내 사고,까치산(2)역,20:05:00,
2026,2020-11-26,출입문관련,대림(7)역,14:20:00,
2027,2020-11-26,발빠짐,철산역,08:41:00,
2028,2020-11-25,출입문관련,봉화산역,23:12:00,
2029,2020-11-24,발빠짐,철산역,18:54:00,
2030,2020-11-24,열차내 사고,정부과천청사역,09:15:00,
2031,2020-11-24,열차내 사고,을지로4가역,08:32:00,
2032,2020-11-23,출입문관련,독산역,09:07:00,
2033,2020-11-23,역구내 사고,신림역,09:33:00,
2034,2020-11-19,역구내 사고,신도림(2)역,08:15:00,
2035,2020-11-19,역구내 사고,교대(2)역,13:09:00,
2036,2020-11-19,역구내 사고,철산역,07:22:00,
2037,2020-11-19,역구내 사고,노원(4)역,09:10:00,
2038,2020-11-19,역구내 사고,신설동(1)역,12:50:00,
2039,2020-11-19,발빠짐,경복궁역 ,13:55:00,
2040,2020-11-19,열차내 사고,신도림(2)역,17:50:00,
2041,2020-11-19,역구내 사고,창동역,09:22:00,
2042,2020-11-19,열차내 사고,암사역,11:15:00,
2043,2020-11-19,열차내 사고,구로디지털단지역,17:55:00,
2044,2020-11-19,열차내 사고,문래역,17:55:00,
2045,2020-11-17,역구내 사고,수유역,19:22:00,
2046,2020-11-17,역구내 사고,화랑대역,11:25:00,
2047,2020-11-12,열차내 사고,건대입구(7)역,08:38:00,
2048,2020-11-11,역구내 사고,왕십리(2)역,18:27:00,
2049,2020-11-10,열차내 사고,음암역,19:27:00,
2050,2020-11-07,기타,노원(4)역,15:00:00,
2051,2020-11-07,역구내 사고,응암역,10:52:00,
2052,2020-11-07,승강설비관련,오목교역,21:53:00,
2053,2020-11-07,열차내 사고,아차산역,18:00:00,
2054,2020-11-04,발빠짐,고속터미널(7)역,18:23:00,
2055,2020-11-03,열차내 사고,매봉역,10:59:00,
2056,2020-11-03,역구내 사고,홍제역,15:40:00,
2057,2020-11-03,출입문관련,동대문역사문화공원(2)역,16:14:00,
2058,2020-11-03,역구내 사고,구파발(3)역,19:25:00,
2059,2020-11-02,열차내 사고,건대입구(7)역,10:30:00,
2060,2020-10-31,역구내 사고,합정(6)역,19:45:00,
2061,2020-10-31,역구내 사고,동대문(1)역,06:30:00,
2062,2020-10-30,열차내 사고,충무로(4)역,17:00:00,
2063,2020-10-28,승강설비관련,불광(6)역,15:49:00,
2064,2020-10-28,발빠짐,마포역,18:13:00,
2065,2020-10-26,역구내 사고,노원(7)역,11:53:00,
2066,2020-10-24,열차내 사고,구파발(3)역,13:10:00,
2067,2020-10-23,출입문관련,양재(3)역,16:45:00,
2068,2020-10-21,출입문관련,선릉(2)역,16:57:00,
2069,2020-10-21,승강설비관련,청량리역,13:45:00,
2070,2020-10-21,승강설비관련,청량리역,13:45:00,
2071,2020-10-19,역구내 사고,종각역,07:03:00,
2072,2020-10-16,열차내 사고,방화역,17:45:00,
2073,2020-10-16,열차내 사고,이수(4)역,11:01:00,
2074,2020-10-14,열차내 사고,공릉역,08:27:00,
2075,2020-10-13,출입문관련,잠실(2)역,13:03:00,
2076,2020-10-13,역구내 사고,신도림(2)역,12:28:00,
2077,2020-10-13,출입문관련,당고개역,06:05:00,
2078,2020-10-12,열차내 사고,건대입구(7)역,08:48:00,
2079,2020-10-12,출입문관련,상봉역,17:25:00,
2080,2020-10-12,역구내 사고,동대문역사문화공원(5)역,08:28:00,
2081,2020-10-07,출입문관련,개봉역,08:29:00,
2082,2020-10-07,출입문관련,면목역,17:55:00,
2083,2020-10-06,승강설비관련,충무로(4)역,09:31:00,
2084,2020-10-06,열차내 사고,미아사거리역,23:30:00,
2085,2020-10-05,출입문관련,신길역,13:40:00,
2086,2020-10-04,승강설비관련,오금(3)역,12:07:00,
2087,2020-10-01,출입문관련,서울대입구역,12:50:00,
2088,2020-09-28,역구내 사고,동묘앞(1)역,08:18:00,
2089,2020-09-28,열차내 사고,명동역,07:54:00,
2090,2020-09-27,출입문관련,도봉산(7)역,14:46:00,
2091,2020-09-25,역구내 사고,제기동역,09:00:00,
2092,2020-09-25,역구내 사고,대림(2)역,13:30:00,
2093,2020-09-25,발빠짐,연신내(6)역,07:35:00,
2094,2020-09-24,역구내 사고,부평구청역,18:54:00,
2095,2020-09-23,열차내 사고,매봉역,09:20:00,
2096,2020-09-23,열차내 사고,이수(4)역,07:23:00,
2097,2020-09-21,발빠짐,동대문역사문화공원(4)역,07:59:00,
2098,2020-09-19,역구내 사고,창동역,00:20:00,
2099,2020-09-19,출입문관련,성신여대입구역,18:32:00,
2100,2020-09-17,출입문관련,미아역,15:47:00,
2101,2020-09-16,발빠짐,동대문역사문화공원(4)역,09:48:00,
2102,2020-09-11,발빠짐,서울(1)역,15:51:00,
2103,2020-09-11,출입문관련,건대입구(2)역,08:27:00,
2104,2020-09-10,역구내 사고,하계역,09:42:00,
2105,2020-09-07,역구내 사고,강변역,08:51:00,
2106,2020-09-07,역구내 사고,수락산역,08:34:00,
2107,2020-09-07,역구내 사고,성수역,18:40:00,
2108,2020-09-06,열차내 사고,석계(1)역,15:05:00,
2109,2020-09-06,역구내 사고,이수(7)역,16:50:00,
2110,2020-09-03,열차내 사고,신정역,07:35:00,
2111,2020-09-03,역구내 사고,시청(1)역,07:30:00,
2112,2020-09-02,역구내 사고,공릉역,13:17:00,
2113,2020-09-02,역구내 사고,남부터미널역,23:10:00,
2114,2020-09-01,열차내 사고,을지로3가(3)역,08:20:00,
2115,2020-08-31,열차내 사고,광명사거리역,08:15:00,
2116,2020-08-31,열차내 사고,당고개역,18:03:00,
2117,2020-08-29,열차내 사고,수유역,19:55:00,
2118,2020-08-28,발빠짐,여의도역,18:28:00,
2119,2020-08-28,역구내 사고,동대입구역,21:10:00,
2120,2020-08-27,발빠짐,장승배기역,21:35:00,
2121,2020-08-22,열차내 사고,신설동(1)역,09:30:00,
2122,2020-08-21,역구내 사고,대치역,15:58:00,
2123,2020-08-20,승강설비관련,도봉산(7)역,08:32:00,
2124,2020-08-19,역구내 사고,교대(2)역,12:00:00,
2125,2020-08-19,출입문관련,신도림(2)역,08:37:00,
2126,2020-08-18,출입문관련,까치산(5)역,08:15:00,
2127,2020-08-16,역구내 사고,노원(4)역,12:19:00,
2128,2020-08-16,출입문관련,미아역,09:19:00,
2129,2020-08-14,승강설비관련,약수(6)역,17:07:00,
2130,2020-08-14,출입문관련,발산역,12:20:00,
2131,2020-08-14,열차내 사고,기타,18:35:00,
2132,2020-08-14,열차내 사고,이수(4)역,18:35:00,
2133,2020-08-13,출입문관련,굽은다리역,22:52:00,
2134,2020-08-13,출입문관련,대림(2)역,09:54:00,
2135,2020-08-13,출입문관련,상일동역,07:35:00,
2136,2020-08-12,출입문관련,애오개역,18:26:00,
2137,2020-08-12,출입문관련,수유역,08:26:00,
2138,2020-08-12,출입문관련,미사역,11:08:00,
2139,2020-08-11,역구내 사고,하계역,11:03:00,
2140,2020-08-10,역구내 사고,장승배기역,08:45:00,
2141,2020-08-10,기타,한양대역,미상,
2142,2020-08-08,발빠짐,성신여대입구역,17:32:00,
2143,2020-08-08,출입문관련,발산역,11:39:00,
2144,2020-08-08,출입문관련,미아사거리역,08:47:00,
2145,2020-08-07,출입문관련,대림(7)역,06:26:00,
2146,2020-08-07,출입문관련,신도림(2)역,21:30:00,
2147,2020-08-07,출입문관련,금정역,13:10:00,
2148,2020-08-06,승강설비관련,천호(5)역,12:22:00,
2149,2020-08-05,출입문관련,선릉(2)역,09:36:00,
2150,2020-08-05,열차내 사고,서울대입구역,23:31:00,
2151,2020-08-03,역구내 사고,회현역,09:20:00,
2152,2020-08-03,출입문관련,동대문역사문화공원(4)역,19:40:00,
2153,2020-08-03,역구내 사고,역촌역,07:32:00,
2154,2020-08-02,승강설비관련,고속터미널(3)역,09:57:00,
2155,2020-08-02,승강설비관련,암사역,미상,
2156,2020-08-01,역구내 사고,이수(7)역,13:38:00,
2157,2020-07-30,열차내 사고,구로디지털단지역,22:30:00,
2158,2020-07-29,열차내 사고,문래역,08:55:00,
2159,2020-07-29,열차내 사고,문래역,08:57:00,
2160,2020-07-27,출입문관련,동작역,19:56:00,
2161,2020-07-27,출입문관련,청구(5)역,17:11:00,
2162,2020-07-27,역구내 사고,삼성역,14:19:00,
2163,2020-07-24,출입문관련,내방역,18:36:00,
2164,2020-07-23,역구내 사고,서울(1)역,15:30:00,
2165,2020-07-23,출입문관련,방이역,13:40:00,
2166,2020-07-23,역구내 사고,길음역,07:50:00,
2167,2020-07-23,역구내 사고,면목역,20:55:00,
2168,2020-07-23,열차내 사고,혜화역,15:05:00,
2169,2020-07-22,역구내 사고,신설동(1)역,05:45:00,
2170,2020-07-22,발빠짐,방배역,18:35:00,
2171,2020-07-21,열차내 사고,합정(2)역,18:50:00,
2172,2020-07-17,역구내 사고,양재역,15:15:00,
2173,2020-07-16,출입문관련,화곡역,17:20:00,
2174,2020-07-16,출입문관련,발산역,17:54:00,
2175,2020-07-16,출입문관련,까치산(5)역,08:10:00,
2176,2020-07-14,출입문관련,사당(4)역,19:00:00,
2177,2020-07-14,역구내 사고,중곡역,미상,
2178,2020-07-13,승강설비관련,노원(7)역,21:05:00,
2179,2020-07-11,발빠짐,성신여대입구역,16:08:00,
2180,2020-07-10,역구내 사고,당고개역,13:00:00,
2181,2020-07-10,출입문관련,불광(3)역,07:58:00,
2182,2020-07-09,출입문관련,성수역,17:24:00,
2183,2020-07-09,출입문관련,사당(2)역,18:02:00,
2184,2020-07-08,열차내 사고,가산디지털단지(7)역,10:38:00,
2185,2020-07-08,출입문관련,왕십리(2)역,11:40:00,
2186,2020-07-08,출입문관련,동대문역사문화공원(5)역,18:26:00,
2187,2020-07-08,역구내 사고,명동역,미상,
2188,2020-07-07,열차내 사고,시청(1)역,15:15:00,
2189,2020-07-07,열차내 사고,사당(4)역,16:39:00,
2190,2020-07-06,출입문관련,교대(2)역,17:40:00,
2191,2020-07-06,출입문관련,종로3가(5)역,10:25:00,
2192,2020-07-06,열차내 사고,사당(4)역,16:00:00,
2193,2020-07-05,발빠짐,시청(2)역,17:57:00,
2194,2020-07-03,출입문관련,신도림(2)역,11:50:00,
2195,2020-07-03,출입문관련,서초역,17:35:00,
2196,2020-07-02,열차내 사고,굽은다리역,18:50:00,
2197,2020-07-02,출입문관련,종로5가역,17:17:00,
2198,2020-07-02,출입문관련,까치울역,17:36:00,
2199,2020-07-01,열차내 사고,홍제역,18:38:00,
2200,2020-06-30,발빠짐,도봉산(7)역,07:33:00,
2201,2020-06-30,열차내 사고,동대문역사문화공원(5)역,06:15:00,
2202,2020-06-29,출입문관련,상일동역,18:26:00,
2203,2020-06-26,출입문관련,중계역,미상,
2204,2020-06-26,출입문관련,노원(7)역,13:08:00,
2205,2020-06-26,승강설비관련,까치산(5)역,08:13:00,
2206,2020-06-25,승강설비관련,영등포구청(5)역,15:34:00,
2207,2020-06-25,열차내 사고,건대입구(7)역,08:30:00,
2208,2020-06-23,발빠짐,구로디지털단지역,16:50:00,
2209,2020-06-22,역구내 사고,아현역,17:45:00,
2210,2020-06-19,출입문관련,신용산역,21:08:00,
2211,2020-06-19,출입문관련,잠실나루역,20:28:00,
2212,2020-06-17,출입문관련,강변역,22:16:00,
2213,2020-06-15,발빠짐,충무로(3)역,11:52:00,
2214,2020-06-11,열차내 사고,상계역,10:42:00,
2215,2020-06-11,열차내 사고,강남역,21:21:00,
2216,2020-06-11,열차내 사고,서울(1)역,16:06:00,
2217,2020-06-11,발빠짐,경복궁역 ,08:16:00,
2218,2020-06-11,출입문관련,공덕(6)역,10:02:00,
2219,2020-06-08,열차내 사고,서대문역,08:46:00,
2220,2020-06-08,역구내 사고,신용산역,18:13:00,
2221,2020-06-07,승강설비관련,신도림(2)역,15:40:00,
2222,2020-06-05,출입문관련,가산디지털단지(7)역,08:46:00,
2223,2020-06-05,발빠짐,발산역,08:30:00,
2224,2020-06-04,출입문관련,충무로(4)역,10:07:00,
2225,2020-06-03,발빠짐,서대문역,08:41:00,
2226,2020-06-03,발빠짐,신촌역,21:34:00,
2227,2020-06-01,출입문관련,하계역,09:16:00,
2228,2020-06-01,출입문관련,부천종합운동장역,19:20:00,
2229,2020-05-30,승강설비관련,회현역,10:37:00,
2230,2020-05-29,열차내 사고,동대문(4)역,08:50:00,
2231,2020-05-29,출입문관련,대치역,20:23:00,
2232,2020-05-28,발빠짐,동대문역사문화공원(4)역,08:39:00,
2233,2020-05-28,출입문관련,김포공항(5)역,13:48:00,
2234,2020-05-25,역구내 사고,성수역,07:38:00,
2235,2020-05-25,역구내 사고,서울(1)역,14:41:00,
2236,2020-05-25,열차내 사고,동대문(1)역,18:19:00,
2237,2020-05-24,출입문관련,공덕(5)역,15:18:00,
2238,2020-05-24,승강설비관련,군자(5)역,16:11:00,
2239,2020-05-24,열차내 사고,월곡역,20:22:00,
2240,2020-05-24,열차내 사고,송파역,09:57:00,
2241,2020-05-22,열차내 사고,신림역,20:16:00,
2242,2020-05-22,출입문관련,교대(2)역,18:10:00,
2243,2020-05-22,역구내 사고,효창공원역,20:09:00,
2244,2020-05-20,역구내 사고,청량리역,19:46:00,
2245,2020-05-19,역구내 사고,동대문(4)역,18:06:00,
2246,2020-05-16,발빠짐,충무로(3)역,16:18:00,
2247,2020-05-15,역구내 사고,수락산역,09:38:00,
2248,2020-05-15,역구내 사고,창신역,17:44:00,
2249,2020-05-14,출입문관련,동대문역사문화공원(2)역,07:45:00,
2250,2020-05-14,출입문관련,강동역,21:27:00,
2251,2020-05-13,출입문관련,가산디지털단지(7)역,18:22:00,
2252,2020-05-13,발빠짐,제기동역,11:05:00,
2253,2020-05-11,출입문관련,강남구청역,09:24:00,
2254,2020-05-11,출입문관련,미아사거리역,18:21:00,
2255,2020-05-09,열차내 사고,까치산(5)역,15:21:00,
2256,2020-05-09,역구내 사고,망원역,09:45:00,
2257,2020-05-09,역구내 사고,오금(5)역,00:03:00,
2258,2020-05-09,역구내 사고,왕십리(2)역,10:35:00,
2259,2020-05-08,열차내 사고,쌍문역,08:00:00,
2260,2020-05-07,열차내 사고,사당(4)역,12:42:00,
2261,2020-05-07,출입문관련,온수(7)역,07:57:00,
2262,2020-05-06,역구내 사고,당고개역,15:46:00,
2263,2020-05-03,출입문관련,온수(7)역,07:57:00,
2264,2020-05-02,열차내 사고,신설동(1)역,11:30:00,
2265,2020-05-02,열차내 사고,신설동(1)역,11:00:00,
2266,2020-05-02,역구내 사고,합정(6)역,18:00:00,
2267,2020-05-02,역구내 사고,창동역,11:40:00,
2268,2020-05-01,출입문관련,신림역,17:44:00,
2269,2020-04-29,출입문관련,디지털미디어시티역,09:12:00,
2270,2020-04-27,열차내 사고,낙성대역,09:05:00,
2271,2020-04-27,출입문관련,신대방역,16:06:00,
2272,2020-04-25,열차내 사고,창동역,21:20:00,
2273,2020-04-25,역구내 사고,종각역,14:10:00,
2274,2020-04-25,역구내 사고,종각역,14:05:00,
2275,2020-04-23,열차내 사고,동대문(4)역,20:45:00,
2276,2020-04-21,역구내 사고,잠실새내역,11:45:00,
2277,2020-04-20,출입문관련,신사역,09:45:00,
2278,2020-04-18,발빠짐,상왕십리역,21:44:00,
2279,2020-04-16,열차내 사고,홍대입구역,11:08:00,
2280,2020-04-16,열차내 사고,녹사평역,09:49:00,
2281,2020-04-15,발빠짐,충무로(3)역,13:44:00,
2282,2020-04-12,역구내 사고,창동역,19:00:00,
2283,2020-04-10,열차내 사고,동대문역사문화공원(2)역,09:18:00,
2284,2020-04-01,역구내 사고,군자(5)역,23:37:00,
2285,2020-04-01,출입문관련,녹번역,18:39:00,
2286,2020-03-31,열차내 사고,왕십리(5)역,09:02:00,
2287,2020-03-31,역구내 사고,잠실새내역,09:30:00,
2288,2020-03-29,출입문관련,반포역,17:23:00,
2289,2020-03-27,발빠짐,성신여대입구역,22:47:00,
2290,2020-03-27,역구내 사고,강변역,06:28:00,
2291,2020-03-27,발빠짐,군자(7)역,08:19:00,
2292,2020-03-27,역구내 사고,제기동역,11:50:00,
2293,2020-03-26,열차내 사고,서울대입구역,17:05:00,
2294,2020-03-24,출입문관련,영등포구청(2)역,07:28:00,
2295,2020-03-23,출입문관련,가락시장(8)역,22:45:00,
2296,2020-03-19,역구내 사고,건대입구(2)역,14:48:00,
2297,2020-03-19,출입문관련,동묘앞(1)역,14:15:00,
2298,2020-03-16,역구내 사고,먹골역,09:00:00,
2299,2020-03-15,출입문관련,아차산역,20:45:00,
2300,2020-03-15,기타,뚝섬역,13:05:00,
2301,2020-03-14,발빠짐,동대문역사문화공원(4)역,20:43:00,
2302,2020-03-14,역구내 사고,용답역,16:47:00,
2303,2020-03-10,역구내 사고,답십리역,22:50:00,
2304,2020-03-10,역구내 사고,암사역,05:29:00,
2305,2020-03-10,역구내 사고,서대문역,05:35:00,
2306,2020-03-10,출입문관련,응암역,11:34:00,
2307,2020-03-09,승강설비관련,마포역,19:00:00,
2308,2020-03-05,발빠짐,동대문역사문화공원(4)역,08:29:00,
2309,2020-03-02,승강설비관련,미아역,08:44:00,
2310,2020-03-02,출입문관련,안국역,08:01:00,
2311,2020-03-01,역구내 사고,삼성역,19:51:00,
2312,2020-02-28,승강설비관련,이수(7)역,23:00:00,
2313,2020-02-21,열차내 사고,수락산역,19:03:00,
2314,2020-02-21,역구내 사고,도봉산(7)역,08:50:00,
2315,2020-02-20,발빠짐,서울(1)역,12:12:00,
2316,2020-02-20,역구내 사고,군자(5)역,07:22:00,
2317,2020-02-19,열차내 사고,애오개역,18:35:00,
2318,2020-02-18,역구내 사고,창동역,07:26:00,
2319,2020-02-18,역구내 사고,당산(2)역,16:02:00,
2320,2020-02-17,발빠짐,금호역,08:25:00,
2321,2020-02-17,출입문관련,사당(2)역,16:40:00,
2322,2020-02-17,역구내 사고,미아사거리역,13:30:00,
2323,2020-02-16,역구내 사고,삼성역,13:52:00,
2324,2020-02-16,출입문관련,창동역,13:58:00,
2325,2020-02-16,역구내 사고,삼성역,15:10:00,
2326,2020-02-16,역구내 사고,삼성역,13:53:00,
2327,2020-02-15,출입문관련,서울(1)역,16:26:00,
2328,2020-02-13,발빠짐,동대문역사문화공원(4)역,21:29:00,
2329,2020-02-13,역구내 사고,종로3가(1)역,06:40:00,
2330,2020-02-12,발빠짐,어린이대공원역,08:18:00,
2331,2020-02-10,출입문관련,충무로(3)역,08:42:00,
2332,2020-02-07,기타,뚝섬역,10:30:00,
2333,2020-02-07,출입문관련,성수역,08:43:00,
2334,2020-02-06,승강설비관련,대림(7)역,10:45:00,
2335,2020-02-05,출입문관련,동대문(1)역,19:16:00,
2336,2020-02-05,출입문관련,상도역,17:45:00,
2337,2020-02-05,역구내 사고,종로3가(1)역,07:50:00,
2338,2020-02-05,발빠짐,동대문역사문화공원(4)역,08:15:00,
2339,2020-02-05,승강설비관련,회현역,13:36:00,
2340,2020-02-04,승강설비관련,온수(7)역,17:39:00,
2341,2020-02-04,발빠짐,고속터미널(7)역,08:19:00,
2342,2020-02-03,발빠짐,동대문역사문화공원(4)역,18:20:00,
2343,2020-01-31,발빠짐,구로디지털단지역,08:40:00,
2344,2020-01-30,발빠짐,사당(2)역,18:30:00,
2345,2020-01-29,열차내 사고,잠실(2)역,20:45:00,
2346,2020-01-29,발빠짐,홍대입구역,22:28:00,
2347,2020-01-27,출입문관련,수락산역,14:26:00,
2348,2020-01-23,출입문관련,경찰병원역,08:15:00,
2349,2020-01-23,출입문관련,신설동(1)역,08:45:00,
2350,2020-01-21,열차내 사고,원당역,08:20:00,
2351,2020-01-21,출입문관련,청담역,08:45:00,
2352,2020-01-21,출입문관련,삼송역,09:09:00,
2353,2020-01-20,출입문관련,연신내(6)역,19:01:00,
2354,2020-01-20,발빠짐,교대(2)역,22:24:00,
2355,2020-01-20,출입문관련,공덕(5)역,10:16:00,
2356,2020-01-20,출입문관련,경찰병원역,15:04:00,
2357,2020-01-19,기타,중계역,12:39:00,
2358,2020-01-17,발빠짐,서울(1)역,15:23:00,
2359,2020-01-17,승강설비관련,제기동역,17:03:00,
2360,2020-01-15,발빠짐,동대문역사문화공원(4)역,09:09:00,
2361,2020-01-15,출입문관련,제기동역,11:40:00,
2362,2020-01-13,열차내 사고,건대입구(7)역,07:27:00,
2363,2020-01-13,승강설비관련,마천역,21:41:00,
2364,2020-01-10,발빠짐,사당(2)역,17:41:00,
2365,2020-01-10,발빠짐,합정(6)역,08:20:00,
2366,2020-01-09,역구내 사고,명동역,19:48:00,
2367,2020-01-09,기타,대림(2)역,16:30:00,
2368,2020-01-08,열차내 사고,교대(2)역,09:50:00,
2369,2020-01-08,열차내 사고,교대(2)역,09:47:00,
2370,2020-01-08,출입문관련,종로3가(1)역,16:10:00,
2371,2020-01-08,출입문관련,서울(4)역,08:04:00,
2372,2020-01-08,출입문관련,부천시청역,18:47:00,
2373,2020-01-07,열차내 사고,노원(4)역,15:41:00,
2374,2020-01-07,발빠짐,구로디지털단지역,18:41:00,
2375,2020-01-07,역구내 사고,공덕(5)역,21:25:00,
2376,2020-01-07,역구내 사고,목동역,07:09:00,
2377,2020-01-07,출입문관련,고속터미널(3)역,18:05:00,
2378,2020-01-07,역구내 사고,종각역,18:30:00,
2379,2020-01-07,역구내 사고,구로디지털단지역,19:43:00,
2380,2020-01-07,역구내 사고,시청(1)역,14:42:00,
2381,2020-01-07,역구내 사고,중화역,08:21:00,
2382,2020-01-04,승강설비관련,증산역,16:57:00,
2383,2020-01-04,승강설비관련,미아사거리역,11:12:00,
2384,2020-01-04,발빠짐,회현역,19:24:00,
2385,2020-01-02,열차내 사고,창동역,14:20:00,
2386,2020-01-02,출입문관련,마들역,17:55:00,
2387,2020-01-02,승강설비관련,충무로(4)역,12:20:00,
2388,2020-01-01,역구내 사고,청량리역,11:50:00,
